artist_count,released_year,released_month,released_day,in_spotify_playlists,in_spotify_charts,streams,in_apple_playlists,in_apple_charts,in_deezer_playlists,in_deezer_charts,in_shazam_charts,bpm,mode,danceability,valence,energy,acousticness,instrumentalness,liveness,speechiness,track_name_id
2,2023,7,14,553,147,141381703,43,263,45,10,826,125,1,1,0.89,0.83,0.31,0.0,0.08,0.04,0
1,2023,3,23,1474,48,133716286,48,126,58,14,382,92,1,1,0.61,0.74,0.07,0.0,0.1,0.04,1
1,2023,6,30,1397,113,140003974,94,207,91,14,949,138,1,0,0.32,0.53,0.17,0.0,0.31,0.06,2
1,2019,8,23,7858,100,800840817,116,207,125,12,548,170,1,0,0.58,0.72,0.11,0.0,0.11,0.15,3
1,2023,5,18,3133,50,303236322,84,133,87,15,425,144,0,0,0.23,0.8,0.14,0.63,0.11,0.06,4
2,2023,6,1,2186,91,183706234,67,213,88,17,946,141,1,1,0.66,0.58,0.19,0.0,0.08,0.24,5
2,2023,3,16,3090,50,725980112,34,222,43,13,418,148,0,0,0.83,0.76,0.48,0.0,0.08,0.03,6
1,2023,7,7,714,43,58149378,25,89,30,13,194,100,1,0,0.26,0.71,0.37,0.0,0.11,0.04,7
1,2023,5,15,1096,83,95217315,60,210,48,11,953,130,0,1,0.22,0.62,0.12,0.0,0.28,0.09,8
2,2023,3,17,2953,44,553634067,49,110,66,13,339,170,0,1,0.56,0.48,0.21,0.0,0.08,0.33,9
2,2023,4,17,2876,40,505671438,41,205,54,12,251,83,0,0,0.56,0.72,0.23,0.0,0.27,0.05,10
1,2023,7,7,422,55,58255150,37,202,21,5,168,150,0,1,0.52,0.82,0.18,0.0,0.15,0.07,11
1,2023,1,12,12211,115,1316855716,300,215,745,58,1021,118,1,1,0.65,0.68,0.06,0.0,0.03,0.07,726
1,2023,4,14,3528,98,387570742,80,156,182,24,1281,130,0,0,0.32,0.43,0.83,0.0,0.09,0.03,732
1,2022,3,31,23575,130,2513188493,403,198,863,46,0,174,0,0,0.66,0.73,0.34,0.0,0.31,0.06,14
1,2022,12,8,8109,77,1163093654,183,162,161,12,187,89,1,0,0.43,0.73,0.05,0.17,0.16,0.04,15
1,2023,2,24,2942,77,496795686,91,212,78,6,0,120,0,1,0.76,0.59,0.43,0.0,0.34,0.03,16
1,2023,7,13,873,104,30546883,80,227,95,24,1173,78,1,0,0.14,0.09,0.96,0.0,0.1,0.03,17
2,2023,3,31,2610,40,335222234,43,100,54,14,187,100,1,1,0.67,0.66,0.14,0.0,0.12,0.16,18
1,2023,3,24,596,68,363369738,8,104,23,2,29,120,1,0,0.36,0.73,0.0,0.0,0.36,0.04,19
3,2023,6,22,332,26,86444842,11,163,10,4,0,140,0,0,0.87,0.74,0.22,0.0,0.42,0.04,20
1,2013,1,1,12859,110,1297026226,24,98,582,2,73,135,0,0,0.44,0.42,0.12,0.02,0.11,0.03,21
2,2023,5,31,1313,40,200647221,17,152,32,11,139,133,0,1,0.81,0.67,0.26,0.0,0.12,0.05,22
3,2023,6,2,1945,87,115364561,74,182,87,14,1093,99,1,1,0.83,0.68,0.07,0.0,0.36,0.2,23
1,2023,6,22,250,26,78300654,16,149,10,5,168,130,0,1,0.96,0.86,0.09,0.0,0.09,0.09,24
2,2023,6,29,859,40,61245289,35,109,41,14,211,122,0,1,0.74,0.71,0.14,0.0,0.56,0.04,25
1,2023,1,31,2420,19,429829812,52,107,15,1,325,204,1,0,0.52,0.68,0.46,0.0,0.15,0.04,26
1,2023,5,25,2988,101,127408954,0,0,143,38,0,110,0,0,0.78,0.85,0.02,0.0,0.33,0.05,27
1,2023,7,13,864,78,22581161,71,135,50,1,294,126,0,1,0.35,0.84,0.0,0.0,0.11,0.06,28
2,2023,6,28,266,34,52294266,20,185,13,8,197,168,1,0,0.63,0.87,0.39,0.0,0.11,0.05,29
3,2022,12,2,6036,88,843957510,113,149,245,23,27,98,0,1,0.17,0.61,0.36,0.0,0.08,0.05,30
1,2022,10,21,9082,56,999748277,242,142,165,9,310,97,1,0,0.51,0.63,0.12,0.0,0.19,0.05,31
2,2023,2,23,4284,49,618990393,115,123,184,18,354,180,0,1,0.61,0.63,0.67,0.0,0.09,0.28,32
8,2023,6,1,1150,31,123122413,22,33,34,7,184,120,1,1,0.63,0.68,0.11,0.0,0.11,0.04,33
1,2014,1,1,11434,53,1355959075,154,123,410,2,81,96,1,1,0.57,0.68,0.09,0.0,0.13,0.06,34
1,2014,1,1,7830,42,786181836,94,111,151,4,82,95,1,0,0.48,0.79,0.0,0.0,0.12,0.04,35
1,2023,5,19,584,28,176553476,16,159,15,6,100,125,0,1,0.96,0.85,0.27,0.0,0.11,0.06,36
2,2023,2,10,692,25,354495408,10,107,6,3,62,144,0,0,0.84,0.65,0.23,0.0,0.1,0.06,37
2,2018,10,9,24094,78,2808096550,372,117,843,4,69,90,1,1,0.91,0.5,0.54,0.0,0.07,0.05,38
2,2022,8,26,12482,80,1109433169,291,184,537,45,727,128,0,0,0.38,0.97,0.04,0.0,0.35,0.04,39
3,2017,7,21,13387,64,1047101291,77,58,247,1,311,79,1,0,0.58,0.56,0.37,0.0,0.11,0.1,40
3,2023,6,23,1117,80,65156199,82,145,65,16,1133,144,1,1,0.75,0.58,0.52,0.0,0.23,0.25,41
1,2020,11,27,3372,19,570515054,65,48,138,1,102,122,1,0,0.49,0.64,0.1,0.0,0.1,0.03,42
1,2022,5,13,8431,76,1085685420,241,127,458,37,332,140,1,1,0.82,0.81,0.11,0.0,0.06,0.05,43
1,2016,11,24,2483,59,1647990401,68,21,24,0,259,134,0,0,0.51,0.52,0.09,0.0,0.15,0.07,369
2,2016,9,21,29536,79,2565529693,281,137,2445,1,140,186,1,1,0.49,0.59,0.16,0.0,0.13,0.28,45
2,2023,2,24,3408,47,518745108,87,86,74,1,16,67,0,0,0.5,0.53,0.23,0.0,0.44,0.07,46
3,2023,6,2,1298,38,107753850,44,64,57,10,110,106,0,1,0.17,0.64,0.07,0.0,0.1,0.05,47
3,2023,4,6,4277,66,177740666,145,111,213,11,810,128,1,0,0.23,0.91,0.0,0.0,0.12,0.03,48
1,2023,2,24,1133,39,153372011,14,71,23,10,176,107,0,1,0.55,0.7,0.18,0.0,0.15,0.07,49
1,2023,6,15,2259,59,57876440,0,0,109,17,0,130,0,0,0.96,0.88,0.12,0.19,0.08,0.04,50
1,2012,10,15,18371,83,1813673666,250,122,3394,19,0,123,0,0,0.13,0.54,0.7,0.0,0.09,0.04,51
1,2019,11,29,43899,69,3703895074,672,199,3421,20,0,171,1,0,0.38,0.8,0.0,0.0,0.09,0.07,52
1,2023,2,24,2649,42,256483385,67,79,57,1,615,137,0,0,0.88,0.72,0.51,0.0,0.17,0.05,53
1,2022,5,26,6804,45,1214083358,139,111,161,15,210,125,0,1,0.85,0.68,0.58,0.0,0.22,0.04,54
1,2023,7,14,525,41,16011326,34,115,39,6,216,128,0,1,0.42,0.72,0.59,0.0,0.09,0.19,55
1,2020,7,24,7923,29,812019557,106,112,142,4,215,130,0,0,0.53,0.58,0.55,0.0,0.27,0.04,56
2,2023,2,3,5184,41,156338624,154,84,102,14,37,133,1,1,0.86,0.81,0.25,0.0,0.25,0.05,57
3,2022,6,24,3107,39,720434240,38,0,4,0,0,101,1,1,0.72,0.59,0.62,0.0,0.09,0.03,58
2,2022,10,6,4637,38,674072710,63,79,89,11,16,98,0,1,0.4,0.59,0.0,0.0,0.1,0.29,59
1,1999,1,1,31358,43,1755214421,196,2,4053,5,0,173,1,0,0.28,0.66,0.0,0.0,0.23,0.03,60
1,2022,10,21,3818,23,404562836,37,55,32,0,272,90,1,0,0.1,0.62,0.07,0.0,0.48,0.07,61
1,2022,12,2,3506,56,373199958,105,64,169,8,529,198,0,0,0.71,0.42,0.55,0.0,0.1,0.07,62
1,2023,7,14,410,36,14780425,36,32,31,1,26,140,1,0,0.48,0.73,0.0,0.0,0.35,0.04,63
1,2023,7,7,148,24,39578178,32,93,8,2,5,82,1,0,0.22,0.53,0.01,0.0,0.15,0.03,64
2,2023,6,23,1004,35,54266102,42,80,58,3,169,130,0,1,0.84,0.89,0.17,0.0,0.43,0.05,65
1,2020,6,28,22543,63,2557975762,386,144,707,28,0,81,1,1,0.53,0.53,0.44,0.0,0.09,0.09,66
1,2022,7,15,4511,36,751134527,70,58,109,18,230,94,0,0,0.14,0.59,0.65,0.18,0.25,0.03,67
1,2012,5,14,16413,61,2282771485,166,87,1056,1,0,124,1,0,0.41,0.81,0.05,0.02,0.1,0.03,68
2,2022,7,6,8506,45,1356565093,94,65,164,14,176,128,1,0,0.55,0.78,0.01,0.03,0.23,0.04,69
1,2008,1,1,33898,62,1592909789,233,0,4095,9,0,138,0,0,0.42,0.62,0.09,0.0,0.11,0.03,70
1,2022,7,17,3246,23,635412045,94,85,68,1,84,132,1,0,0.27,0.48,0.5,0.0,0.12,0.03,71
2,2022,9,22,8576,42,1230675890,216,108,331,26,154,131,1,1,0.24,0.47,0.01,0.0,0.27,0.09,72
2,2022,12,20,3618,38,585695368,47,74,80,14,194,168,0,1,0.58,0.73,0.05,0.0,0.1,0.07,73
1,1975,1,1,31123,55,2009094673,300,65,1003,1,0,102,1,0,0.5,0.73,0.43,0.0,0.15,0.04,74
2,2022,4,22,2790,30,600976848,60,96,71,0,115,101,1,0,0.32,0.57,0.78,0.0,0.2,0.03,75
1,2023,7,7,139,17,39228929,16,72,5,0,8,142,1,0,0.2,0.64,0.01,0.0,0.12,0.03,76
2,2021,7,9,17050,36,2665343922,492,99,798,31,0,170,1,0,0.48,0.76,0.04,0.0,0.1,0.05,77
2,2023,3,3,2114,44,223633238,80,75,110,11,323,124,0,1,0.7,0.68,0.03,0.01,0.11,0.04,78
1,2018,11,8,17836,53,2887241814,440,125,1800,0,0,110,1,0,0.45,0.41,0.75,0.0,0.11,0.03,79
2,2022,5,6,8870,43,1440757818,104,120,141,26,49,92,0,1,0.43,0.71,0.09,0.0,0.09,0.08,80
1,2015,6,22,6060,53,165484133,150,148,2703,22,1451,116,1,1,0.4,0.66,0.39,0.51,0.25,0.07,81
2,2012,6,20,641,50,58054811,1,52,8,0,1170,129,1,0,0.84,0.82,0.7,0.08,0.09,0.07,82
1,2023,3,24,1446,12,157058870,57,97,35,0,429,98,1,1,0.67,0.6,0.19,0.0,0.12,0.03,83
1,2023,3,17,804,25,95131998,29,76,24,0,162,172,0,1,0.76,0.76,0.06,0.0,0.1,0.09,84
2,2023,3,17,1962,38,250305248,28,89,29,5,82,150,1,1,0.14,0.76,0.04,0.0,0.1,0.04,85
1,2020,6,5,31,39,38411956,2,107,8,0,0,88,0,0,0.34,0.47,0.09,0.0,0.83,0.04,86
2,2023,5,12,2175,23,144565150,69,145,69,2,478,143,1,1,0.69,0.44,0.15,0.0,0.1,0.33,87
1,2023,3,17,2000,46,127567540,49,105,63,1,0,100,0,0,0.17,0.35,0.71,0.09,0.11,0.03,88
1,2022,12,9,2839,25,399686758,58,156,42,1,236,143,1,0,0.39,0.55,0.14,0.0,0.11,0.13,89
1,2011,1,1,20333,52,983637508,89,143,1632,3,200,112,0,0,0.24,0.66,0.07,0.0,0.12,0.03,90
1,2023,6,9,674,47,118482347,20,106,25,4,78,93,1,0,0.57,0.59,0.03,0.0,0.38,0.03,91
1,2012,1,1,8448,23,882831184,160,110,163,0,5,206,1,0,0.5,0.55,0.5,0.0,0.15,0.1,92
3,2022,12,2,2110,58,286400165,17,119,19,2,266,88,0,1,0.17,0.71,0.15,0.0,0.11,0.05,93
1,2023,4,14,2528,39,172825906,56,91,59,3,486,170,1,0,0.37,0.9,0.0,0.0,0.12,0.05,94
1,2004,1,1,12985,61,1241559043,49,98,2394,5,204,84,0,0,0.24,0.67,0.21,0.0,0.13,0.28,95
1,2023,7,7,77,35,29562220,8,166,4,4,34,134,0,1,0.53,0.72,0.51,0.0,0.12,0.05,96
1,2022,4,20,266,27,77309611,6,40,6,6,202,158,1,0,0.5,0.4,0.61,0.0,0.1,0.06,97
3,2017,11,10,21097,52,1605224506,384,135,1034,37,312,116,1,1,0.92,0.8,0.04,0.0,0.1,0.03,98
1,2017,4,28,3423,21,1116995633,41,100,59,1,32,117,1,0,0.45,0.69,0.02,0.0,0.09,0.03,99
1,2021,3,11,4198,44,838079900,98,108,327,17,153,114,0,1,0.65,0.72,0.02,0.0,0.07,0.05,100
1,2011,1,1,14739,43,1163620694,88,112,2163,5,519,108,0,0,0.47,0.68,0.0,0.0,0.13,0.03,101
2,2012,1,1,26792,32,1093605526,69,113,695,0,458,144,0,1,0.37,0.53,0.07,0.0,0.21,0.1,102
1,2022,12,2,213,6,179659294,7,6,0,0,48,130,1,0,0.18,0.44,0.76,0.0,0.11,0.03,103
1,2023,7,7,99,15,36912123,21,52,6,1,0,121,1,0,0.49,0.78,0.0,0.0,0.17,0.04,104
1,1985,2,17,41751,25,1205951614,101,32,2655,0,666,112,1,0,0.54,0.81,0.36,0.0,0.11,0.06,105
1,2014,12,9,21164,36,1791000570,80,65,476,0,14,100,0,1,0.47,0.52,0.3,0.0,0.06,0.33,106
1,2023,2,25,2988,59,201660859,74,102,145,18,925,150,0,0,0.3,0.78,0.24,0.0,0.12,0.08,107
2,2023,2,8,893,38,248088961,19,23,24,3,88,120,0,1,0.96,0.71,0.18,0.0,0.34,0.17,108
1,2020,7,24,7324,22,607123776,25,81,61,1,44,90,1,0,0.42,0.61,0.53,0.0,0.09,0.03,109
2,2023,6,22,201,11,55842345,19,117,8,1,74,128,0,1,0.79,0.63,0.33,0.0,0.15,0.04,110
2,2023,3,10,5120,48,211050784,161,115,246,9,638,143,1,0,0.31,0.87,0.04,0.04,0.08,0.04,111
1,2022,7,15,2346,27,342897938,69,12,38,8,64,139,1,1,0.68,0.68,0.03,0.0,0.26,0.04,112
2,2022,12,9,763,26,2762,21,110,21,9,71,162,1,0,0.78,0.64,0.19,0.0,0.11,0.04,113
1,2021,6,11,457,24,330346424,8,116,4,3,2,92,1,1,0.39,0.6,0.31,0.0,0.07,0.03,114
3,2011,8,16,6074,52,1953533826,201,44,6551,2,0,146,1,0,0.88,0.93,0.03,0.0,0.1,0.08,115
1,2019,11,17,21915,34,2322580122,437,115,1212,12,0,95,1,0,0.56,0.82,0.12,0.0,0.34,0.05,116
2,2017,8,11,15032,30,2355719893,221,96,1078,2,136,115,0,0,0.12,0.3,0.93,0.0,0.1,0.03,117
2,2023,6,21,871,32,66902503,25,59,32,5,88,128,1,1,0.59,0.65,0.1,0.0,0.26,0.05,118
1,2023,5,15,451,33,96273746,10,126,7,0,148,130,0,1,0.69,0.83,0.03,0.0,0.27,0.05,119
1,2023,1,2,1783,27,430977451,26,124,15,1,22,127,0,1,0.74,0.77,0.36,0.0,0.11,0.04,120
1,2011,1,1,9389,46,284819874,24,122,282,3,368,150,1,0,0.2,0.86,0.21,0.0,0.09,0.09,121
2,2023,1,11,5724,44,721975598,119,108,254,29,22,122,0,1,0.5,0.63,0.27,0.0,0.09,0.05,122
1,2007,4,20,13985,25,1217120710,30,80,588,1,1,140,1,0,0.2,0.85,0.0,0.0,0.07,0.05,123
4,2023,6,2,1051,16,109276132,31,37,31,0,189,140,1,0,0.22,0.54,0.46,0.0,0.12,0.08,124
3,2022,12,2,1682,46,276259178,24,90,30,1,176,119,0,1,0.48,0.53,0.18,0.0,0.18,0.34,125
5,2023,5,22,182,8,54225632,3,88,1,0,52,110,0,1,0.96,0.72,0.32,0.0,0.09,0.04,126
1,2017,1,1,16596,13,2559529074,7,0,2094,0,0,95,1,0,0.17,0.45,0.16,0.0,0.11,0.02,127
1,2022,7,20,2335,23,681583126,82,55,50,0,9,132,1,0,0.2,0.55,0.45,0.01,0.32,0.03,128
1,2017,1,31,18986,23,2594040133,250,121,2969,10,31,125,0,1,0.74,0.78,0.04,0.0,0.23,0.11,129
2,2023,6,1,293,8,11956641,5,2,30,2,66,133,0,1,0.68,0.65,0.42,0.0,0.12,0.25,130
1,2002,1,1,21081,43,1687664027,98,76,3889,5,0,112,1,1,0.67,0.66,0.0,0.0,0.36,0.09,131
3,2023,7,13,437,31,11599388,17,29,26,3,208,97,1,1,0.92,0.89,0.05,0.0,0.06,0.05,132
2,2016,11,24,1275,32,611700552,13,8,5,0,1,90,0,0,0.52,0.48,0.38,0.05,0.1,0.11,133
1,2004,1,1,20015,16,1089402494,107,69,5239,0,558,172,1,0,0.33,0.59,0.06,0.0,0.08,0.03,134
1,2019,5,10,1507,14,411747614,24,71,44,1,195,120,1,0,0.24,0.35,0.73,0.0,0.31,0.03,135
1,2023,1,27,539,21,255932395,7,71,4,2,13,140,0,1,0.96,0.8,0.18,0.0,0.05,0.05,136
1,2023,6,30,86,8,31873544,7,76,3,1,93,128,0,1,0.9,0.77,0.01,0.0,0.09,0.05,137
1,2023,5,26,324,14,95053634,13,110,8,2,60,122,1,1,0.7,0.81,0.57,0.0,0.1,0.05,138
2,2010,1,1,17138,37,1279434863,119,81,974,1,503,130,1,0,0.86,0.92,0.08,0.0,0.05,0.24,139
2,2023,2,2,894,9,233801632,14,88,66,3,72,160,1,1,0.61,0.71,0.33,0.0,0.31,0.2,140
1,2012,12,5,1622,9,1481349984,0,0,356,0,0,144,1,1,0.87,0.7,0.06,0.0,0.28,0.05,141
3,2023,4,4,561,14,142095275,4,14,12,5,56,192,1,0,0.85,0.52,0.11,0.0,0.28,0.06,142
2,2022,6,17,5871,27,618885532,81,121,58,1,34,163,1,0,0.4,0.67,0.0,0.0,0.09,0.17,143
1,2013,1,1,29215,43,2011464183,179,97,3394,11,153,122,0,0,0.48,0.71,0.06,0.0,0.12,0.04,144
1,2021,3,19,5866,24,1167330737,107,38,95,0,0,154,1,0,0.41,0.74,0.21,0.0,0.4,0.06,145
1,2019,10,4,3859,26,929964809,133,181,3,0,0,117,0,1,0.31,0.69,0.06,0.0,0.11,0.04,146
2,2023,1,23,961,26,436027885,19,143,10,6,15,138,0,1,0.89,0.83,0.1,0.0,0.12,0.05,147
1,2004,7,13,6457,18,657723613,98,95,453,0,454,96,1,1,0.74,0.8,0.33,0.0,0.08,0.06,148
3,2016,4,4,43257,24,2713922350,433,107,3631,0,26,104,1,1,0.36,0.63,0.01,0.0,0.36,0.05,149
1,2010,1,1,4564,16,621660989,24,101,113,0,40,164,1,0,0.24,0.62,0.08,0.0,0.16,0.03,150
1,2020,3,20,12688,13,1591223784,197,115,112,0,200,118,1,1,0.61,0.82,0.02,0.0,0.5,0.03,151
1,2010,5,25,13801,19,950906471,137,125,435,6,285,81,0,1,0.51,0.6,0.03,0.0,0.19,0.1,152
1,1983,1,6,22439,19,1593270737,211,74,929,0,129,117,1,1,0.73,0.45,0.54,0.0,0.07,0.03,153
1,2015,2,2,18515,35,1410088830,70,82,939,1,162,174,1,0,0.1,0.37,0.97,0.25,0.64,0.04,154
2,2011,1,1,36843,21,1235005533,321,91,4607,1,58,128,1,1,0.6,0.77,0.03,0.0,0.11,0.04,155
1,2012,12,5,2420,11,1661187319,0,0,806,0,0,145,1,0,0.43,0.27,0.94,0.0,0.14,0.04,156
1,2018,5,25,5897,19,1374581173,0,0,885,0,0,150,0,0,0.51,0.55,0.73,0.0,0.14,0.03,157
3,2023,6,2,727,16,94186466,17,60,28,1,44,90,0,0,0.13,0.53,0.04,0.0,0.21,0.04,158
1,2013,1,1,33783,26,1788326445,133,92,2733,1,26,85,1,0,0.42,0.53,0.17,0.0,0.22,0.03,159
1,2012,1,1,26694,13,1840364617,65,82,3425,4,13,180,1,0,0.38,0.71,0.2,0.0,0.28,0.05,160
1,2016,11,25,6518,17,684675814,45,85,238,1,47,160,1,1,0.4,0.5,0.16,0.0,0.16,0.22,161
1,2014,1,1,21335,13,1113838873,328,70,1378,9,20,160,1,0,0.95,0.8,0.05,0.0,0.41,0.16,162
1,2013,1,1,23389,29,1267333350,54,70,1089,2,1,92,1,1,0.81,0.63,0.04,0.0,0.08,0.04,163
1,2022,3,19,3202,18,726307468,148,80,226,24,0,170,1,0,0.53,0.64,0.11,0.0,0.45,0.06,771
1,2017,1,6,32181,10,3562543890,33,0,6808,7,0,96,0,1,0.93,0.65,0.58,0.0,0.09,0.08,165
1,2014,11,17,7124,18,1131090940,60,20,2,0,0,120,1,0,0.4,0.52,0.86,0.0,0.12,0.04,166
2,2023,1,13,592,14,307370144,11,84,6,1,30,98,1,1,0.37,0.54,0.06,0.0,0.09,0.08,167
1,1992,9,21,36724,7,1271293243,146,72,6807,5,80,92,1,0,0.12,0.34,0.01,0.0,0.12,0.04,168
1,2019,10,18,794,10,265882712,38,25,61,0,263,150,1,0,0.24,0.56,0.04,0.0,0.11,0.03,169
1,2017,3,21,13091,17,841749534,61,96,790,2,116,94,1,0,0.17,0.47,0.02,0.46,0.11,0.03,170
1,2023,5,19,67,8,47956378,7,10,0,0,57,90,0,1,0.36,0.63,0.26,0.0,0.27,0.05,171
1,2016,8,20,21574,30,806397070,112,68,266,1,39,160,1,0,0.54,0.55,0.67,0.0,0.42,0.11,172
1,2019,8,30,19664,16,2132335812,391,73,633,3,37,120,1,1,0.59,0.75,0.24,0.0,0.09,0.04,173
1,2010,1,1,21106,13,1641426668,82,0,2946,0,0,109,1,0,0.46,0.85,0.01,0.0,0.09,0.05,174
1,2013,9,13,23804,31,2135158446,187,99,4623,1,0,129,0,0,0.41,0.66,0.63,0.0,0.12,0.05,175
2,2022,12,16,849,22,367316268,27,129,21,7,111,157,1,0,0.75,0.6,0.3,0.0,0.07,0.05,176
1,2023,7,7,86,11,30343206,3,33,3,0,1,146,0,0,0.67,0.89,0.0,0.0,0.19,0.08,177
1,2020,2,10,1788,14,405136812,1,50,19,0,19,139,0,0,0.37,0.41,0.32,0.0,0.1,0.1,178
1,1968,7,1,15890,14,1145727611,71,37,653,0,167,116,1,1,0.76,0.7,0.07,0.0,0.13,0.03,179
1,2010,7,20,492,36,540654286,4,3,19,0,0,95,0,1,0.52,0.77,0.12,0.0,0.07,0.04,180
4,2023,6,8,773,33,57312735,20,46,21,8,99,170,0,0,0.55,0.8,0.15,0.0,0.37,0.07,181
1,2022,12,19,1154,22,397582059,28,125,11,1,51,134,0,1,0.18,0.64,0.03,0.0,0.1,0.11,182
1,1984,10,19,44927,17,1479115056,34,0,5108,6,0,84,0,0,0.86,0.9,0.02,0.0,0.09,0.05,183
4,2023,6,2,551,4,86773632,13,46,20,1,10,146,0,0,0.2,0.48,0.21,0.0,0.12,0.06,184
5,2023,5,1,577,14,133753727,22,18,15,1,0,74,0,0,0.24,0.67,0.11,0.0,0.1,0.28,185
3,2022,11,24,995,19,463564958,12,117,9,5,3,136,0,1,0.79,0.73,0.15,0.0,0.27,0.1,186
3,2023,5,15,178,6,64533040,6,71,1,0,31,100,1,0,0.53,0.55,0.53,0.0,0.12,0.04,187
1,2023,6,2,290,19,65496046,9,101,5,0,73,105,0,1,0.67,0.78,0.09,0.0,0.07,0.33,188
1,2023,5,26,547,0,68616963,15,15,6,0,0,106,1,0,0.24,0.78,0.15,0.0,0.3,0.04,189
2,2023,3,30,681,10,161460990,15,92,21,2,26,132,1,1,0.53,0.68,0.4,0.0,0.09,0.04,190
2,2023,6,2,332,5,70106975,18,41,5,0,19,120,1,1,0.05,0.3,0.21,0.0,0.13,0.05,191
2,2023,3,17,1197,13,113509496,44,34,25,1,171,155,1,1,0.51,0.39,0.02,0.0,0.09,0.49,192
2,2022,9,29,161,6,71007139,10,79,2,0,42,135,0,1,0.85,0.74,0.62,0.0,0.08,0.09,193
1,2023,3,31,839,18,232896922,20,110,20,0,69,124,0,1,0.64,0.39,0.03,0.0,0.11,0.04,194
3,2023,6,2,259,0,37126685,5,17,5,0,0,135,0,1,0.28,0.55,0.18,0.0,0.22,0.15,195
1,2023,3,23,2915,30,195576623,116,69,107,3,675,107,1,1,0.39,0.53,0.3,0.0,0.11,0.06,196
2,2022,10,12,5129,25,532336353,116,84,114,18,348,96,1,0,0.25,0.74,0.14,0.0,0.09,0.11,197
2,2022,11,30,3794,34,538115192,47,77,53,10,8,123,1,1,0.58,0.7,0.3,0.0,0.32,0.19,198
2,2023,5,26,588,0,46142772,23,21,31,0,0,90,1,0,0.07,0.62,0.06,0.0,0.58,0.06,199
3,2022,12,2,2959,16,401036314,41,69,38,0,36,117,0,1,0.45,0.59,0.14,0.0,0.2,0.21,200
2,2023,4,4,291,8,127026613,8,78,4,1,1,133,0,1,0.9,0.84,0.31,0.0,0.07,0.04,201
1,2022,12,2,2321,36,345031710,29,65,34,5,3,96,0,1,0.61,0.83,0.11,0.0,0.35,0.06,202
2,2022,12,1,536,10,288101651,10,72,8,3,14,149,1,0,0.85,0.6,0.4,0.0,0.14,0.13,203
2,2023,5,26,359,2,60350538,1,0,9,0,0,110,0,0,0.32,0.4,0.81,0.0,0.11,0.03,204
1,2022,11,30,4096,6,335074782,118,48,143,0,240,105,1,1,0.62,0.52,0.03,0.0,0.05,0.16,205
1,2023,5,22,349,69,76767396,8,96,5,0,56,105,1,1,0.69,0.78,0.28,0.0,0.11,0.14,206
2,2023,5,26,381,5,46065667,23,82,6,0,113,134,1,1,0.61,0.58,0.06,0.0,0.16,0.03,207
1,2022,7,8,2461,36,459276435,47,66,45,5,6,170,0,1,0.59,0.56,0.04,0.0,0.27,0.12,208
2,2023,6,2,277,1,39666245,1,20,5,0,1,81,1,0,0.26,0.6,0.46,0.01,0.25,0.13,209
2,2023,3,1,967,5,138517666,7,29,51,1,29,154,1,0,0.75,0.92,0.31,0.0,0.91,0.05,210
1,2022,6,29,8186,12,822633917,155,72,131,16,29,169,1,1,0.69,0.51,0.63,0.0,0.38,0.04,211
2,2023,6,5,215,6,51985779,6,14,8,2,4,84,0,0,0.14,0.74,0.01,0.0,0.19,0.08,212
2,2023,5,18,1134,22,57945987,39,14,48,2,3,93,1,1,0.58,0.62,0.11,0.0,0.11,0.23,213
1,2023,4,7,2066,6,175097833,58,70,43,0,182,142,0,1,0.54,0.44,0.06,0.0,0.33,0.07,214
1,2022,10,21,3763,8,488386797,51,43,38,10,1,97,1,1,0.1,0.44,0.26,0.0,0.16,0.08,215
5,2023,6,2,197,0,32761689,3,10,3,0,0,101,1,1,0.59,0.51,0.41,0.51,0.26,0.08,216
1,2022,5,6,4004,33,1047480053,34,65,43,6,2,98,0,1,0.23,0.48,0.14,0.0,0.06,0.05,217
1,2023,1,27,984,5,153454328,8,57,76,2,49,154,1,0,0.63,0.89,0.18,0.0,0.8,0.09,218
1,2023,2,14,1240,24,217672943,51,29,63,4,54,120,1,1,0.63,0.58,0.52,0.0,0.31,0.22,219
1,2022,10,17,3995,13,457184829,72,27,47,0,0,150,1,0,0.04,0.55,0.07,0.0,0.06,0.03,220
1,2016,1,21,7681,13,939844851,119,66,1145,2,0,174,1,0,0.27,0.78,0.11,0.0,0.1,0.08,221
1,2021,9,1,4427,4,726434358,69,100,154,20,438,202,1,0,0.25,0.51,0.69,0.0,0.18,0.04,222
2,2022,11,4,4657,18,573633020,84,84,42,0,23,153,0,0,0.42,0.52,0.05,0.0,0.36,0.24,223
1,2021,10,14,10195,20,1406111294,258,87,657,22,9,142,1,0,0.13,0.37,0.58,0.0,0.13,0.03,224
2,2023,6,2,214,0,24975653,3,3,6,0,0,143,1,1,0.25,0.69,0.04,0.0,0.23,0.12,225
1,2000,1,1,20763,27,1424589568,81,53,3271,1,17,104,0,1,0.78,0.66,0.03,0.0,0.04,0.06,226
3,2022,12,16,1267,20,231332117,41,22,56,4,84,93,0,1,0.96,0.79,0.43,0.0,0.18,0.11,227
1,2021,12,10,2585,32,415932686,3,79,21,1,54,105,0,0,0.46,0.53,0.16,0.0,0.09,0.05,228
1,2022,6,10,6330,6,988515741,109,42,158,3,31,170,1,0,0.27,0.32,0.89,0.0,0.14,0.05,229
3,2023,5,4,675,1,50847624,9,13,11,0,1,178,0,0,0.56,0.66,0.18,0.0,0.12,0.05,230
1,2023,5,5,715,0,39893489,37,3,27,0,50,176,0,0,0.44,0.76,0.1,0.0,0.32,0.05,231
2,2023,5,1,327,13,92035115,14,110,9,0,49,104,0,1,0.38,0.88,0.11,0.0,0.11,0.05,232
1,2023,4,21,244,12,118810253,6,84,10,2,9,85,1,1,0.83,0.84,0.31,0.0,0.47,0.3,233
1,2023,2,24,1020,35,206399629,15,26,30,6,0,80,1,0,0.57,0.48,0.86,0.0,0.15,0.39,234
1,2023,4,7,1730,3,117747907,46,5,51,0,20,98,1,0,0.36,0.41,0.5,0.0,0.38,0.05,235
2,2023,2,2,2127,33,266624541,45,80,53,8,4,178,0,1,0.58,0.78,0.34,0.0,0.11,0.25,236
1,2022,4,8,3242,9,293186992,67,55,48,0,6,148,1,0,0.27,0.33,0.48,0.0,0.22,0.03,237
1,2023,2,24,526,10,139681964,15,93,30,0,320,120,1,1,0.94,0.66,0.65,0.0,0.38,0.03,238
1,2023,4,10,366,15,123132751,16,102,7,0,55,122,0,1,0.38,0.88,0.01,0.0,0.08,0.05,239
2,2023,3,4,432,12,162887075,8,14,12,2,33,96,1,1,0.47,0.47,0.33,0.0,0.1,0.36,240
1,2023,4,24,271,12,91221625,16,103,9,0,55,137,1,1,0.35,0.88,0.16,0.0,0.17,0.09,241
1,2022,4,22,816,4,190490915,21,4,13,0,4,121,0,1,0.71,0.61,0.12,0.0,0.53,0.42,242
2,2023,4,21,1169,0,96180277,36,65,28,0,0,119,0,0,0.1,0.57,0.01,0.0,0.5,0.03,243
1,2019,8,23,1282,6,185240616,26,6,19,0,5,96,1,1,0.4,0.47,0.71,0.0,0.13,0.04,244
1,2022,4,21,6587,34,885093467,114,104,147,11,20,111,1,1,0.53,0.52,0.66,0.01,0.11,0.05,245
2,2023,4,14,1444,4,104992946,0,0,0,0,0,148,1,1,0.74,0.68,0.14,0.0,0.1,0.19,246
2,2023,2,3,356,10,147290338,4,64,4,2,37,182,1,0,0.8,0.59,0.08,0.0,0.06,0.05,247
1,2021,9,9,10147,30,1302184087,234,71,543,18,0,141,1,1,0.82,0.86,0.28,0.0,0.04,0.09,248
2,2023,4,25,351,9,76910644,16,90,10,0,64,110,0,1,0.26,0.7,0.01,0.0,0.41,0.06,249
1,2022,8,16,158,4,137123880,5,6,1,1,18,134,1,1,0.35,0.41,0.41,0.0,0.1,0.03,250
1,2022,10,21,3956,6,502574952,142,23,127,3,16,145,1,1,0.88,0.53,0.35,0.0,0.08,0.07,251
3,2023,2,5,1638,10,207033255,0,0,21,0,0,130,0,1,0.36,0.9,0.01,0.1,0.15,0.04,252
1,2022,4,28,924,18,404887295,17,80,22,9,38,173,1,0,0.69,0.53,0.12,0.0,0.23,0.03,253
1,2022,11,4,1985,35,381161027,34,26,37,5,1,92,0,1,0.55,0.76,0.25,0.0,0.1,0.15,254
1,2014,6,5,6339,13,466231982,3,1,36,1,37,105,0,0,0.57,0.87,0.0,0.01,0.1,0.04,255
1,2021,11,25,1561,24,357580552,18,78,24,0,30,175,0,0,0.15,0.64,0.43,0.9,0.12,0.1,256
2,2023,4,27,875,4,61105704,17,13,27,0,43,120,0,1,0.33,0.7,0.22,0.0,0.09,0.04,257
2,2022,12,24,406,5,198275403,3,31,2,1,0,139,0,1,0.77,0.48,0.37,0.0,0.12,0.05,258
1,2023,3,17,340,13,168448603,4,71,16,1,9,132,0,0,0.56,0.82,0.12,0.0,0.12,0.06,259
2,2018,3,29,4188,15,705469769,30,70,142,0,27,114,1,0,0.17,0.74,0.14,0.0,0.17,0.03,260
2,2023,5,4,105,0,34502215,5,9,5,0,0,145,0,0,0.19,0.48,0.36,0.0,0.37,0.05,261
1,2022,9,16,1524,17,482175240,53,120,62,0,2,110,1,1,0.67,0.69,0.0,0.0,0.18,0.04,262
2,2022,12,22,2651,30,304118600,21,55,32,3,0,94,1,1,0.61,0.66,0.17,0.0,0.36,0.16,263
1,2018,3,29,11087,6,1449799467,151,107,801,1,105,134,1,0,0.17,0.6,0.21,0.0,0.33,0.04,264
1,2023,3,24,373,19,173627354,4,72,5,0,5,120,1,0,0.32,0.76,0.0,0.0,0.39,0.04,265
2,2021,12,3,3741,17,652704649,156,35,110,19,0,131,1,1,0.84,0.71,0.35,0.0,0.15,0.04,266
1,2002,1,1,32502,21,1829992958,247,54,5567,1,51,171,1,1,0.06,0.73,0.01,0.0,0.36,0.26,267
2,2002,5,26,7615,14,655466831,18,51,1005,0,0,130,0,1,0.64,0.76,0.02,0.0,0.2,0.06,268
3,2023,3,2,1208,34,146409671,10,41,20,0,1,94,1,1,0.53,0.67,0.34,0.0,0.09,0.08,269
2,2023,4,7,209,4,95816024,4,45,11,2,24,89,0,1,0.44,0.57,0.39,0.0,0.32,0.06,270
1,2023,3,17,1235,9,117206995,20,8,15,0,6,87,0,0,0.71,0.56,0.04,0.0,0.15,0.2,271
2,2023,3,27,1479,0,80758350,23,0,18,0,33,78,1,1,0.8,0.65,0.51,0.0,0.22,0.32,272
2,2023,3,31,709,0,58473276,8,1,13,0,0,96,0,0,0.5,0.8,0.4,0.0,0.37,0.2,273
1,2023,3,25,660,0,52722996,22,7,11,0,78,106,1,1,0.22,0.86,0.31,0.0,0.12,0.04,274
1,2021,12,24,489,17,191945597,4,11,5,1,2,170,0,1,0.75,0.46,0.62,0.0,0.12,0.35,275
2,2023,3,24,407,0,77377503,16,15,5,0,1,134,0,0,0.11,0.76,0.08,0.47,0.3,0.07,276
1,2022,5,20,7461,8,743693613,166,42,199,16,58,115,1,1,0.9,0.73,0.3,0.0,0.11,0.05,277
2,2020,3,20,9161,5,1221813483,240,98,468,3,10,118,1,0,0.63,0.79,0.03,0.0,0.1,0.03,278
1,2022,4,22,3282,12,449701773,67,84,46,16,117,110,1,0,0.22,0.38,0.42,0.0,0.12,0.03,279
1,2023,3,29,596,0,67070410,29,9,12,0,52,100,1,1,0.42,0.66,0.18,0.04,0.19,0.04,280
2,2023,3,14,320,6,116334601,5,48,2,1,9,142,0,1,0.76,0.79,0.26,0.0,0.11,0.07,281
1,2022,10,21,2612,4,433356509,19,29,21,0,0,140,1,0,0.18,0.37,0.72,0.0,0.12,0.07,282
1,2023,2,10,2040,4,165584767,81,27,66,9,444,116,1,1,0.96,0.73,0.62,0.0,0.09,0.04,283
1,2022,5,13,2128,9,367814306,37,88,9,0,14,120,1,1,0.64,0.85,0.25,0.0,0.61,0.03,284
2,2022,4,1,2598,37,477033549,28,57,43,8,85,92,0,1,0.46,0.79,0.31,0.0,0.07,0.06,285
1,2022,10,26,542,2,156214700,23,2,21,0,0,110,0,1,0.64,0.79,0.05,0.0,0.31,0.03,286
1,2022,1,21,2459,20,448843705,20,68,50,0,22,120,1,1,0.57,0.97,0.01,0.0,0.13,0.11,287
2,1995,7,11,10624,17,1357608774,21,0,386,0,0,80,1,0,0.4,0.61,0.09,0.0,0.56,0.06,288
2,2022,11,13,2418,26,294352144,52,66,55,1,16,115,0,1,0.43,0.69,0.47,0.0,0.09,0.31,289
1,2014,11,28,7536,7,972164968,44,19,135,0,6,76,1,0,0.46,0.67,0.65,0.0,0.13,0.04,290
1,2017,2,20,10431,7,920045682,71,53,181,0,10,172,1,0,0.77,0.78,0.45,0.0,0.12,0.06,291
1,2016,9,9,15722,16,2420461338,231,37,1509,0,13,99,1,0,0.45,0.56,0.69,0.0,0.09,0.05,292
1,2015,5,27,25744,4,1947371785,122,94,1992,0,18,136,0,0,0.12,0.57,0.09,0.0,0.14,0.08,293
1,2019,5,10,1640,0,244658767,27,27,29,1,1,150,0,1,0.64,0.14,0.67,0.35,0.11,0.1,294
1,2023,4,7,34,0,68216992,0,0,0,0,0,92,0,1,0.41,0.31,0.79,0.0,0.1,0.05,295
5,2022,12,15,1845,16,223582566,20,8,30,2,0,95,1,1,0.72,0.87,0.17,0.0,0.07,0.05,296
3,2022,7,25,3301,30,471819764,72,64,64,6,3,102,0,1,0.58,0.83,0.21,0.0,0.1,0.05,297
1,2022,12,9,1911,0,272377463,23,71,14,0,9,145,0,1,0.34,0.55,0.43,0.0,0.16,0.06,298
1,2003,3,24,20111,5,1361425037,39,0,7341,0,0,110,1,0,0.24,0.86,0.0,0.0,0.64,0.04,752
2,2023,2,24,1529,0,149778242,32,18,39,2,0,95,1,0,0.3,0.77,0.46,0.0,0.38,0.06,300
2,2023,3,3,615,2,116599790,22,82,8,0,9,94,0,1,0.81,0.82,0.53,0.0,0.09,0.13,301
1,2022,12,2,811,4,148469433,11,58,5,0,21,142,1,0,0.92,0.91,0.0,0.0,0.26,0.03,302
2,2022,8,5,5730,10,497225336,108,16,197,3,165,145,0,0,0.2,0.74,0.01,0.0,0.15,0.05,814
3,2023,2,23,1190,0,105062254,29,3,18,0,19,137,0,1,0.44,0.67,0.08,0.0,0.11,0.06,304
1,2023,1,31,579,0,95623148,11,54,0,0,103,104,1,0,0.72,0.85,0.0,0.0,0.15,0.03,305
1,2023,2,17,1553,2,144584800,61,6,48,0,150,92,1,0,0.68,0.76,0.07,0.0,0.33,0.03,306
1,2022,12,15,2301,20,298063749,49,23,110,0,8,146,0,1,0.51,0.45,0.86,0.0,0.21,0.38,307
1,2023,1,23,134,4,166570053,4,6,0,0,23,120,1,0,0.2,0.43,0.89,0.0,0.12,0.04,308
1,2023,1,31,430,0,83021468,15,17,0,0,0,144,1,1,0.83,0.81,0.09,0.0,0.08,0.04,309
2,2022,11,5,86,0,139836056,11,101,0,0,48,94,1,0,0.44,0.56,0.8,0.0,0.06,0.03,310
1,2022,10,31,629,14,303216294,32,3,9,0,0,94,1,1,0.65,0.79,0.05,0.02,0.11,0.06,429
2,2023,3,3,329,0,58890931,14,35,1,0,0,148,1,0,0.49,0.76,0.12,0.0,0.12,0.03,312
1,2023,3,3,1168,0,81419389,45,11,20,0,21,98,1,1,0.29,0.73,0.12,0.0,0.11,0.26,313
1,2022,5,31,162,6,156777415,1,10,1,0,1,140,1,0,0.26,0.38,0.91,0.0,0.1,0.04,314
1,2022,12,9,2536,6,284908316,59,100,58,13,2,100,1,0,0.28,0.28,0.81,0.0,0.18,0.03,315
1,2022,8,1,892,17,363472647,20,119,12,2,7,100,0,0,0.78,0.94,0.27,0.0,0.29,0.23,316
1,2011,1,1,3909,0,372476382,66,26,277,3,734,100,0,0,0.49,0.65,0.02,0.0,0.13,0.03,317
1,2023,1,20,888,22,175399345,11,24,7,1,7,176,0,1,0.96,0.63,0.25,0.0,0.21,0.07,318
1,2022,5,6,968,4,203221468,16,53,1,0,61,140,1,0,0.51,0.7,0.49,0.0,0.14,0.03,319
1,2000,10,24,25065,6,1624165576,63,0,6808,2,0,105,0,0,0.4,0.9,0.01,0.0,0.32,0.06,320
1,2022,12,8,531,4,134294498,20,1,71,2,0,135,1,1,0.97,0.77,0.75,0.0,0.35,0.03,321
1,2022,7,28,242,0,70069745,12,2,13,0,4,128,0,1,0.61,0.59,0.3,0.0,0.12,0.04,322
2,2022,6,3,5281,14,609293408,94,21,80,15,38,101,1,1,0.43,0.69,0.12,0.0,0.12,0.07,323
1,2022,5,6,2590,30,671365962,20,64,35,6,0,122,1,1,0.43,0.5,0.07,0.0,0.14,0.05,324
1,2022,9,8,1769,34,362361576,16,19,21,3,4,105,0,1,0.49,0.56,0.8,0.12,0.1,0.13,325
4,2021,9,3,6180,7,1223481149,122,88,580,21,10,77,0,1,0.59,0.76,0.24,0.0,0.42,0.28,326
1,2017,8,25,3600,11,1022258230,7,0,203,0,2,140,0,1,0.18,0.25,0.78,0.0,0.11,0.26,327
2,2022,11,3,1254,6,263453310,26,69,73,2,6,158,1,0,0.72,0.95,0.31,0.0,0.92,0.05,328
1,2023,1,27,1283,0,147538971,57,4,48,0,0,107,0,0,0.47,0.4,0.72,0.0,0.11,0.03,329
1,2020,2,19,8084,6,698086140,45,115,218,1,221,109,0,0,0.16,0.57,0.1,0.01,0.12,0.03,330
1,2022,7,15,2332,2,723894473,0,0,25,0,0,109,0,1,0.72,0.74,0.1,0.0,0.34,0.07,672
1,2023,3,3,203,0,34450974,5,9,0,0,0,148,1,0,0.61,0.81,0.05,0.0,0.36,0.04,332
1,2022,10,12,288,6,319566866,11,80,1,0,8,96,0,1,0.4,0.51,0.35,0.0,0.1,0.04,333
1,2022,5,6,4572,33,909001996,74,113,85,9,2,100,0,1,0.29,0.67,0.29,0.0,0.12,0.03,334
2,2021,9,24,6127,13,1061966512,0,0,0,0,0,105,1,0,0.42,0.68,0.01,0.0,0.14,0.04,335
3,2023,1,27,1890,0,103787664,86,1,49,0,9,115,1,1,0.84,0.9,0.17,0.0,0.41,0.06,336
1,2023,1,27,2098,16,134255790,88,24,101,7,451,122,1,0,0.25,0.89,0.0,0.0,0.15,0.09,337
1,2022,10,17,761,12,301051721,23,95,11,0,3,105,0,1,0.82,0.8,0.08,0.0,0.11,0.08,338
1,2022,11,30,1225,0,156338624,27,0,28,13,0,133,1,0,0.74,0.84,0.25,0.0,0.21,0.04,339
2,2023,1,13,415,2,152850295,15,40,21,1,15,100,1,1,0.6,0.68,0.07,0.0,0.26,0.04,340
1,2022,10,28,3469,0,309653982,71,95,31,0,2,120,0,1,0.55,0.45,0.15,0.03,0.09,0.1,341
1,2022,10,28,3311,0,297328960,129,31,212,1,41,177,1,0,0.17,0.3,0.9,0.0,0.13,0.03,342
1,2022,9,22,2616,0,332506354,113,17,208,0,192,142,0,0,0.31,0.72,0.15,0.0,0.09,0.05,343
1,2016,11,4,3006,16,480507035,47,60,87,12,124,144,0,0,0.47,0.84,0.01,0.01,0.52,0.04,344
2,2019,4,12,4260,0,1065580332,113,92,259,0,1,120,0,0,0.8,0.86,0.09,0.0,0.19,0.1,345
1,2016,9,27,482,0,122763672,9,1,12,4,3,135,1,1,0.73,0.51,0.55,0.0,0.15,0.06,346
6,2022,12,22,138,4,1365184,13,78,2,0,0,105,1,1,0.62,0.74,0.1,0.0,0.33,0.07,347
2,2022,11,25,1368,0,184308753,12,1,11,0,8,108,0,0,0.38,0.77,0.09,0.0,0.09,0.2,348
1,2015,1,1,17852,4,789753877,69,76,335,0,0,147,0,0,0.62,0.79,0.22,0.13,0.14,0.03,349
3,2022,11,20,889,20,323358833,11,78,35,0,21,115,1,1,0.34,0.88,0.16,0.0,0.44,0.04,350
2,2022,4,21,4796,9,606361689,124,66,212,13,1,174,1,1,0.57,0.64,0.23,0.0,0.08,0.32,351
1,2022,7,21,3009,2,338564981,68,89,65,0,25,141,0,0,0.09,0.25,0.84,0.01,0.14,0.04,352
1,2014,1,1,17492,3,1606986953,136,24,1959,0,30,82,1,1,0.5,0.49,0.56,0.0,0.08,0.04,353
1,2020,3,20,6170,7,1301799902,82,1,231,0,2,92,1,0,0.25,0.43,0.62,0.0,0.32,0.03,354
6,2022,12,12,130,4,140187018,21,79,2,0,0,116,0,1,0.65,0.8,0.06,0.0,0.15,0.04,355
2,2017,6,2,27705,10,1897517891,537,122,2726,6,0,124,0,1,0.59,0.86,0.04,0.0,0.08,0.11,356
1,2023,1,27,359,0,107642809,12,56,13,0,13,125,0,1,0.83,0.89,0.01,0.0,0.17,0.09,357
1,2022,8,19,1963,16,551305895,57,119,77,1,13,90,1,1,0.71,0.69,0.02,0.0,0.27,0.1,358
3,2022,4,27,5491,14,556585270,128,84,75,0,35,83,1,0,0.34,0.64,0.31,0.0,0.07,0.34,359
1,2019,10,31,27119,0,2303033973,532,77,1535,3,8,124,0,1,0.68,0.79,0.01,0.0,0.1,0.08,360
1,2014,8,8,1776,14,646886885,1,9,3,0,0,140,1,0,0.04,0.6,0.07,0.41,0.08,0.03,361
2,2022,9,16,1473,4,222612678,27,64,66,1,4,154,1,0,0.61,0.91,0.15,0.0,0.72,0.04,362
2,2021,7,23,13315,0,1814349763,300,47,690,0,0,150,0,1,0.89,0.7,0.02,0.0,0.05,0.06,363
1,2015,4,22,3045,6,571386359,43,53,134,1,32,166,0,0,0.23,0.48,0.05,0.0,0.12,0.03,364
2,2022,9,22,3006,12,304079786,54,32,66,2,0,107,1,1,0.2,0.83,0.0,0.04,0.31,0.09,365
3,2022,9,9,852,0,174006928,14,1,50,0,0,87,1,1,0.52,0.52,0.31,0.0,0.28,0.24,366
1,2022,8,5,2163,15,284785823,72,97,58,0,154,82,1,0,0.39,0.64,0.21,0.0,0.07,0.07,367
1,2022,12,9,1484,0,163284000,22,51,12,0,0,114,0,0,0.6,0.28,0.91,0.0,0.21,0.04,368
1,2022,11,4,1703,0,246390068,38,45,36,16,0,148,1,0,0.15,0.52,0.38,0.13,0.29,0.05,369
1,2022,7,20,4169,44,482257456,57,44,183,1,11,140,1,1,0.97,0.57,0.38,0.0,0.4,0.29,370
1,2022,10,3,1054,0,168684524,9,0,15,0,1,101,1,1,0.76,0.81,0.15,0.24,0.33,0.06,371
3,2022,1,17,2849,0,78489819,39,45,27,0,1,140,0,1,0.06,0.84,0.05,0.23,0.06,0.06,372
3,2022,12,2,1602,0,195516622,12,22,12,0,2,88,0,0,0.24,0.66,0.19,0.0,0.18,0.29,373
1,2021,6,4,9644,28,1260594497,120,86,164,4,0,180,1,0,0.44,0.65,0.28,0.0,0.14,0.12,374
1,2022,8,12,4827,0,428685680,104,17,76,9,2,133,1,1,0.91,0.89,0.06,0.0,0.31,0.24,375
1,1985,9,16,21811,0,1024858327,117,1,676,3,0,108,0,0,0.2,0.55,0.72,0.0,0.06,0.06,376
1,1973,1,5,168,0,838586769,0,0,5,0,0,80,0,0,0.24,0.43,0.39,0.0,0.23,0.03,377
1,2022,8,11,688,0,199386237,14,1,17,0,2,75,0,1,0.46,0.62,0.03,0.06,0.11,0.46,378
2,2021,7,30,10565,44,972509632,238,122,557,17,58,121,0,0,0.26,0.64,0.52,0.0,0.17,0.1,379
2,2022,9,28,1612,0,213438580,34,54,34,0,2,140,0,0,0.17,0.62,0.18,0.0,0.2,0.08,380
1,2020,9,3,12755,8,1555511105,344,97,945,15,0,126,0,1,0.59,0.9,0.05,0.0,0.36,0.03,381
1,2022,10,12,574,4,210038833,38,101,26,0,0,102,1,0,0.29,0.94,0.0,0.0,0.09,0.11,382
1,2020,12,24,10426,2,826623384,133,109,182,1,10,121,0,0,0.53,0.78,0.23,0.0,0.72,0.06,383
2,2020,3,27,15894,8,1802514301,198,13,544,0,60,103,0,1,0.92,0.83,0.01,0.0,0.07,0.06,384
1,2021,6,25,9424,0,1329090101,202,50,463,4,0,108,0,1,0.88,0.76,0.09,0.0,0.12,0.09,385
1,2022,9,14,713,7,181831132,2,4,6,0,0,85,0,0,0.36,0.47,0.31,0.0,0.12,0.1,386
2,2022,3,14,7758,28,462791599,173,79,175,0,168,125,0,1,0.7,0.69,0.01,0.0,0.05,0.05,387
1,2022,10,21,2537,2,348647203,8,18,20,0,1,120,1,1,0.4,0.39,0.41,0.0,0.13,0.06,388
3,2022,7,17,292,6,366599607,26,98,4,0,0,94,1,0,0.44,0.57,0.57,0.0,0.1,0.03,389
2,2012,1,1,14143,4,1479264469,56,38,1891,1,0,110,1,1,0.51,0.74,0.02,0.0,0.29,0.04,390
1,1994,10,28,25653,0,1449779435,387,132,2094,0,0,150,1,0,0.33,0.63,0.16,0.0,0.07,0.04,391
1,1984,1,1,22153,0,1159176109,274,111,1302,0,0,107,0,1,0.88,0.65,0.28,0.0,0.46,0.03,392
1,1958,1,1,14994,0,769213520,191,168,206,0,0,140,1,1,0.85,0.41,0.71,0.0,0.45,0.05,393
1,1957,1,1,10326,0,741301563,165,99,104,0,0,119,1,1,0.78,0.37,0.84,0.0,0.06,0.03,394
1,2013,12,13,9408,0,834129063,231,106,439,0,0,133,1,0,0.53,0.63,0.05,0.0,0.3,0.18,395
1,1963,10,14,8879,0,663832097,182,107,160,0,1,202,1,0,0.76,0.6,0.77,0.0,0.12,0.04,396
1,1959,11,16,6512,0,446390129,88,1,277,0,0,134,1,0,0.72,0.24,0.91,0.0,0.18,0.04,413
1,2017,1,1,5140,0,690104769,85,110,500,0,0,105,1,1,0.33,0.51,0.48,0.0,0.09,0.03,398
1,2013,10,25,6596,0,485285717,144,99,251,0,0,160,1,0,0.69,0.81,0.0,0.0,0.21,0.05,399
1,2011,1,1,9577,0,629173063,195,111,310,0,0,162,0,0,0.88,0.54,0.51,0.0,0.09,0.04,400
1,1963,11,22,10114,0,404664135,114,74,262,0,0,92,1,0,0.84,0.77,0.4,0.0,0.32,0.03,401
1,2022,12,9,1007,0,98709329,5,31,1,0,0,152,1,0,0.35,0.65,0.44,0.18,0.21,0.07,402
1,2022,12,9,1127,0,110849052,16,63,8,0,0,65,0,1,0.55,0.26,0.85,0.0,0.13,0.08,403
4,1971,12,1,10829,0,460492795,130,1,390,0,0,147,1,0,0.39,0.61,0.32,0.0,0.77,0.03,404
2,2022,12,8,1042,0,94005786,7,29,3,0,0,150,0,1,0.71,0.69,0.53,0.0,0.32,0.09,405
1,1952,1,1,7930,0,395591396,108,120,73,0,0,140,1,0,0.81,0.36,0.64,0.0,0.15,0.03,406
1,1946,11,1,11500,0,389771964,140,72,251,0,0,139,1,0,0.22,0.15,0.84,0.0,0.11,0.04,407
1,1979,11,16,1685,0,403939487,1,0,29,0,0,95,1,1,0.74,0.58,0.36,0.0,0.09,0.03,408
1,1984,11,25,14169,0,481697415,209,30,449,0,0,115,1,0,0.23,0.57,0.0,0.02,0.27,0.03,409
2,2022,12,9,1634,0,110073250,16,20,4,0,0,125,1,0,0.59,0.43,0.84,0.03,0.11,0.05,410
1,2022,12,9,906,0,88092256,6,21,3,0,0,76,1,0,0.19,0.2,0.78,0.0,0.11,0.05,411
1,1984,1,1,1087,0,351636786,90,35,5,0,0,101,0,1,0.91,0.87,0.14,0.0,0.13,0.03,412
2,1950,1,1,10585,0,473248298,126,108,406,0,0,143,1,0,0.86,0.32,0.88,0.0,0.34,0.06,413
1,2022,12,9,827,0,73981293,6,18,1,0,0,119,0,0,0.51,0.66,0.67,0.0,0.09,0.23,414
2,2022,12,8,1420,4,155653938,13,87,17,0,46,78,1,0,0.22,0.59,0.76,0.01,0.15,0.16,415
3,1942,1,1,11940,0,395591396,73,79,123,0,0,96,1,0,0.19,0.25,0.91,0.0,0.4,0.03,416
1,1986,1,1,888,0,429504768,50,0,6,0,0,180,1,0,0.87,0.58,0.36,0.0,0.18,0.04,417
1,1963,11,22,9122,0,242767149,121,58,212,0,0,126,1,0,0.35,0.76,0.39,0.0,0.08,0.05,418
1,2022,12,9,892,0,65362788,3,17,2,0,0,150,1,0,0.42,0.44,0.57,0.0,0.15,0.06,419
1,2022,12,9,989,0,67540165,5,9,1,0,0,90,1,0,0.47,0.74,0.09,0.0,0.34,0.04,420
1,2022,12,9,819,0,62019074,14,22,0,0,0,160,1,1,0.78,0.68,0.28,0.0,0.11,0.12,421
2,2017,11,10,2209,0,135723538,72,90,141,0,0,114,1,0,0.6,0.94,0.24,0.0,0.1,0.04,422
3,1958,1,1,6290,0,295998468,89,39,158,0,0,113,1,1,0.72,0.32,0.77,0.0,0.15,0.05,423
1,2000,11,7,6952,0,261116938,115,53,286,0,0,147,1,0,0.69,0.72,0.17,0.0,0.19,0.03,424
2,2022,11,4,313,2,136689549,10,6,7,1,9,100,0,1,0.92,0.59,0.03,0.0,0.1,0.03,425
1,2022,12,2,353,2,135611421,2,74,14,0,2,155,1,0,0.42,0.77,0.03,0.0,0.12,0.09,426
1,2021,12,3,4094,0,356709897,66,96,43,0,0,107,0,0,0.41,0.39,0.51,0.0,0.11,0.16,427
2,2022,12,2,880,0,110649992,3,7,10,0,0,112,1,1,0.15,0.54,0.09,0.0,0.38,0.05,428
1,2022,10,31,573,0,301869854,1,0,18,0,24,166,1,1,0.57,0.57,0.09,0.2,0.11,0.07,429
1,1959,1,1,3299,0,127027715,65,39,41,0,0,107,0,1,0.96,0.36,0.81,0.0,0.08,0.04,430
1,2022,12,9,811,0,57144458,6,11,3,0,0,81,1,0,0.33,0.68,0.24,0.0,0.22,0.38,431
1,2022,12,9,899,0,56870689,2,14,2,0,0,150,1,1,0.77,0.46,0.05,0.0,0.11,0.07,432
2,2022,10,21,2415,0,323437194,33,57,30,0,11,110,1,0,0.19,0.32,0.69,0.0,0.12,0.04,433
1,2022,10,21,2304,0,317726339,12,16,14,0,0,108,1,0,0.04,0.4,0.06,0.0,0.1,0.06,434
1,2022,10,21,2699,0,328207708,39,35,22,2,0,164,1,1,0.39,0.56,0.06,0.0,0.09,0.07,435
2,2022,5,6,2482,20,608228647,27,77,22,2,0,114,0,1,0.42,0.68,0.02,0.0,0.66,0.04,436
2,2005,9,20,2577,0,180577478,108,56,30,0,0,93,1,0,0.93,0.88,0.01,0.0,0.12,0.04,437
2,2021,6,25,6821,34,809306935,83,58,128,7,0,90,0,1,0.51,0.69,0.36,0.0,0.09,0.08,438
1,2022,12,8,714,0,49262961,0,9,2,0,0,128,1,0,0.35,0.68,0.78,0.0,0.39,0.08,439
2,2022,5,6,3185,4,614555082,38,64,37,3,36,97,1,1,0.47,0.8,0.02,0.0,0.24,0.09,440
1,1958,1,1,8612,0,245350949,120,30,52,0,1,152,0,1,0.94,0.71,0.79,0.0,0.07,0.08,441
1,1957,1,1,4326,0,178660459,32,3,65,0,0,175,1,0,0.94,0.34,0.73,0.0,0.1,0.05,442
1,2022,12,9,680,0,51641685,2,15,1,0,0,116,1,0,0.48,0.55,0.67,0.0,0.16,0.08,443
2,2022,12,2,398,0,78139948,2,2,6,0,2,80,0,0,0.51,0.59,0.76,0.0,0.44,0.06,444
1,2022,1,7,4440,0,326792833,81,77,133,0,0,122,1,1,0.91,0.79,0.03,0.0,0.07,0.1,445
1,2022,1,7,2881,6,391251368,13,89,34,0,3,135,0,1,0.6,0.58,0.04,0.0,0.16,0.03,446
3,2022,1,5,2235,0,349585590,65,7,70,16,6,109,1,0,0.45,0.47,0.62,0.0,0.31,0.05,447
1,2022,1,7,3711,0,339659802,49,88,62,0,0,93,0,0,0.82,0.74,0.27,0.0,0.32,0.05,448
2,2021,8,20,12403,0,674772936,183,63,465,0,11,125,0,1,0.64,0.81,0.02,0.05,0.07,0.09,449
7,2021,11,19,2785,0,432719968,95,89,44,0,0,206,0,0,0.83,0.45,0.36,0.0,0.11,0.08,450
1,2021,6,24,14114,17,1309887447,252,109,965,20,0,130,1,1,0.44,0.77,0.01,0.0,0.13,0.03,451
1,2022,1,7,1915,0,119238316,7,47,15,0,0,121,0,1,0.62,0.51,0.02,0.0,0.09,0.08,452
1,2022,1,7,2297,0,116903579,11,29,14,0,0,123,0,1,0.35,0.73,0.0,0.0,0.21,0.05,453
1,2017,6,23,4375,0,888046992,24,0,396,0,0,122,0,0,0.5,0.67,0.15,0.0,0.3,0.04,454
1,2022,1,7,2800,0,200660871,18,77,61,0,1,143,1,0,0.5,0.79,0.0,0.0,0.08,0.03,455
1,2021,8,6,2597,0,130655803,17,80,38,0,0,121,0,1,0.35,0.77,0.01,0.0,0.26,0.04,546
1,2021,5,14,15563,6,1887039593,259,55,461,1,0,166,0,0,0.68,0.66,0.28,0.0,0.11,0.18,457
1,2022,1,7,1292,0,101114984,3,18,14,0,0,87,0,0,0.49,0.59,0.44,0.0,0.35,0.21,458
2,2021,4,9,15867,0,1575467011,382,65,497,0,12,111,1,1,0.74,0.66,0.3,0.0,0.13,0.03,459
2,2022,1,7,1178,0,91656026,9,10,9,0,0,110,1,1,0.85,0.84,0.1,0.0,0.31,0.19,460
1,2021,6,11,6672,0,1042568408,125,36,150,0,0,130,1,0,0.19,0.61,0.3,0.0,0.09,0.07,461
1,2020,9,18,12329,0,1735441776,275,19,738,0,0,179,0,0,0.76,0.51,0.3,0.0,0.38,0.15,462
1,2019,7,26,5669,2,726837877,74,0,262,14,0,93,0,1,0.53,0.73,0.61,0.0,0.13,0.04,463
1,2022,1,7,811,0,53933526,1,8,6,0,0,78,0,0,0.1,0.49,0.62,0.0,0.49,0.05,464
1,2021,11,19,1756,0,267758538,38,48,20,0,0,180,1,0,0.37,0.58,0.02,0.0,0.04,0.31,465
1,2022,1,7,1014,0,74601456,1,17,11,0,0,86,0,0,0.13,0.41,0.5,0.0,0.19,0.03,466
1,2021,9,17,7963,0,920797189,173,7,298,0,4,88,0,1,0.55,0.85,0.01,0.0,0.05,0.22,467
2,2021,11,5,4771,0,539595276,68,18,75,0,1,97,1,1,0.72,0.78,0.04,0.0,0.07,0.05,468
2,2020,9,21,3221,2,578207856,67,13,139,0,40,116,1,1,0.36,0.76,0.12,0.0,0.1,0.1,469
3,2021,10,5,3423,26,775542072,61,65,53,6,0,170,0,0,0.14,0.7,0.09,0.0,0.09,0.08,470
1,2021,9,10,2566,13,863625566,44,109,131,0,0,140,0,1,0.4,0.55,0.16,0.0,0.14,0.23,471
1,2021,7,30,8476,0,1056760045,138,133,283,0,0,65,1,0,0.31,0.24,0.76,0.0,0.14,0.04,472
2,2021,10,22,7495,17,611994237,114,172,284,2,0,120,0,0,0.16,0.67,0.0,0.0,0.11,0.04,473
2,2021,5,21,5257,6,1230855859,85,43,134,0,0,176,1,0,0.12,0.33,0.68,0.0,0.12,0.05,474
1,2021,9,10,1795,0,582981380,34,23,118,0,0,180,0,0,0.69,0.61,0.84,0.0,0.46,0.36,475
1,2021,1,8,12685,3,1858144199,185,61,485,0,0,144,1,0,0.21,0.43,0.76,0.0,0.1,0.07,476
1,2021,11,12,4635,5,583687007,50,49,30,1,2,93,1,0,0.21,0.52,0.28,0.0,0.09,0.03,477
1,2021,11,19,4431,0,466214729,105,7,199,0,0,88,1,0,0.55,0.73,0.09,0.0,0.03,0.05,478
4,2022,1,5,759,3,236940480,32,0,12,0,0,170,0,1,0.61,0.44,0.4,0.0,0.37,0.04,479
1,2022,1,7,733,0,41924466,0,2,2,0,0,94,0,0,0.55,0.5,0.71,0.0,0.1,0.11,480
1,2021,11,18,2795,0,225259194,45,0,107,0,0,170,1,0,0.46,0.47,0.12,0.0,0.13,0.16,481
1,2021,12,1,1950,0,287201015,56,8,104,0,10,78,1,0,0.07,0.29,0.62,0.0,0.09,0.03,482
1,2018,3,9,3947,12,599770206,33,102,93,0,30,94,1,0,0.36,0.58,0.05,0.0,0.15,0.03,483
1,2021,10,30,2551,0,342779426,52,15,35,0,1,73,1,1,0.11,0.41,0.0,0.0,0.36,0.14,484
1,2020,11,2,11975,8,1168642797,188,75,268,6,16,128,0,1,0.57,0.63,0.4,0.01,0.1,0.04,485
3,2019,8,30,2696,0,540539717,42,2,57,0,0,120,1,0,0.44,0.6,0.44,0.09,0.05,0.06,486
3,2021,11,5,4963,0,383550148,63,40,76,0,0,82,1,0,0.85,0.62,0.06,0.0,0.35,0.04,487
3,2020,3,13,6734,0,530511203,47,14,90,0,1,95,1,1,0.4,0.47,0.02,0.0,0.09,0.03,488
1,2022,1,7,715,0,37307967,0,1,2,0,0,118,1,0,0.52,0.94,0.11,0.0,0.04,0.29,489
1,2021,10,22,3047,9,510876816,77,31,85,5,28,123,0,1,0.93,0.86,0.08,0.0,0.14,0.03,490
3,2021,3,19,14140,0,1445941661,231,52,612,6,0,90,1,0,0.49,0.68,0.38,0.0,0.42,0.18,491
2,2020,10,30,11215,21,1763363713,189,166,525,9,25,110,0,1,0.14,0.57,0.4,0.0,0.11,0.05,492
2,2021,12,29,1678,12,374191487,20,4,15,1,3,96,0,0,0.76,0.82,0.47,0.0,0.1,0.32,493
3,2021,9,24,4091,0,421040617,105,2,73,13,1,110,0,1,0.67,0.68,0.0,0.0,0.14,0.04,494
1,2020,7,17,2868,0,501541661,43,15,116,0,0,80,1,1,0.57,0.49,0.19,0.0,0.12,0.08,495
3,2021,9,16,3643,0,354065229,69,3,70,0,3,110,0,1,0.31,0.53,0.43,0.0,0.11,0.06,496
1,2021,5,21,4779,6,1143647827,180,135,223,0,5,110,1,1,0.7,0.36,0.0,0.0,0.06,0.11,497
3,2022,1,7,3517,0,311395144,54,28,43,0,0,78,0,1,0.49,0.42,0.01,0.01,0.13,0.19,498
2,2021,6,24,5073,0,672656250,83,9,100,0,4,129,1,1,0.44,0.62,0.02,0.0,0.08,0.06,499
1,2021,4,1,7545,4,1256880657,117,39,141,0,46,181,1,0,0.22,0.6,0.61,0.0,0.42,0.09,500
1,2020,8,21,8528,5,1692897992,239,163,583,0,0,114,0,1,0.74,0.77,0.01,0.0,0.09,0.1,501
1,2021,11,5,2979,0,245095641,44,0,159,0,0,144,1,1,0.39,0.65,0.05,0.01,0.11,0.35,502
2,2019,1,11,7731,2,686734357,110,145,447,0,46,101,1,0,0.18,0.68,0.09,0.0,0.12,0.04,503
2,2021,10,21,1057,0,261414174,17,5,21,0,0,84,1,0,0.78,0.63,0.29,0.0,0.12,0.05,504
3,2021,7,8,3272,19,610045621,101,34,70,1,2,154,1,0,0.63,0.69,0.21,0.0,0.11,0.07,505
3,2021,3,5,14417,0,1115880852,237,123,569,0,10,148,1,0,0.72,0.62,0.18,0.0,0.09,0.03,506
3,2021,9,3,5199,0,594482982,45,43,45,0,3,146,0,1,0.22,0.37,0.13,0.0,0.07,0.3,507
1,1970,1,1,2877,0,0,16,0,54,0,0,110,1,0,0.75,0.69,0.07,0.0,0.17,0.03,508
3,2021,11,19,1150,0,184937148,20,38,12,0,0,141,1,0,0.56,0.63,0.12,0.0,0.06,0.36,509
1,2022,1,7,768,0,31959571,1,1,3,0,0,108,0,0,0.23,0.48,0.75,0.3,0.14,0.04,510
1,2021,11,19,925,0,167076418,24,47,74,0,0,94,1,0,0.47,0.36,0.76,0.0,0.09,0.05,511
1,2015,5,10,3006,3,824420218,23,21,121,0,13,180,1,0,0.41,0.94,0.0,0.63,0.05,0.05,512
1,2021,9,1,3098,0,363467642,111,5,182,1,0,122,1,1,0.51,0.79,0.05,0.0,0.16,0.05,513
1,2015,10,30,9771,4,1127468248,42,70,384,0,3,85,1,0,0.33,0.52,0.07,0.15,0.12,0.03,514
2,2022,1,7,807,0,60680939,3,0,5,0,0,148,1,1,0.29,0.73,0.0,0.0,0.07,0.07,515
1,2021,12,1,521,1,247737946,17,89,11,0,0,120,1,1,0.59,0.73,0.06,0.0,0.05,0.11,516
2,2020,7,24,12854,0,1699402402,237,27,636,0,0,91,0,1,0.76,0.72,0.22,0.0,0.27,0.04,517
2,2021,11,19,802,0,154797871,13,27,8,0,0,120,1,1,0.54,0.71,0.26,0.0,0.1,0.04,518
1,2021,11,17,731,0,198883004,14,14,24,0,4,106,1,1,0.86,0.79,0.11,0.0,0.08,0.09,519
1,2022,1,7,788,0,124407432,13,0,32,1,0,110,1,0,0.31,0.35,0.93,0.0,0.29,0.03,520
1,2021,5,21,3069,4,850608354,25,46,105,0,45,169,1,0,0.36,0.45,0.81,0.0,0.08,0.13,521
1,2021,8,29,4651,0,376333030,24,6,105,0,0,118,1,1,0.21,0.55,0.01,0.0,0.26,0.17,522
1,2021,6,25,4999,0,516784627,43,19,73,12,0,92,0,1,0.79,0.66,0.32,0.0,0.09,0.16,523
1,2019,11,1,8327,24,1608045237,205,130,625,0,25,112,1,0,0.19,0.6,0.63,0.0,0.09,0.06,524
1,2020,12,25,3297,3,506778838,25,3,52,0,1,140,1,1,0.56,0.91,0.26,0.0,0.13,0.21,525
1,2010,11,29,35684,6,1472799873,195,125,6280,2,78,105,1,1,0.52,0.76,0.13,0.0,0.05,0.03,526
1,2021,7,8,3506,10,513643924,103,76,100,1,1,178,1,1,0.63,0.77,0.14,0.0,0.15,0.22,527
2,2021,12,23,2999,0,261286503,60,17,154,0,22,108,0,1,0.71,0.42,0.57,0.0,0.08,0.09,528
1,2021,5,21,3681,0,783706581,20,21,99,0,7,173,1,0,0.19,0.29,0.86,0.0,0.34,0.04,529
3,2021,5,7,4846,10,422691058,54,16,259,0,13,101,1,0,0.4,0.9,0.03,0.0,0.34,0.06,530
1,2020,10,23,8207,0,1252563873,175,55,95,0,2,144,1,1,0.66,0.8,0.44,0.0,0.09,0.12,531
1,2021,10,1,1150,0,345903614,20,99,44,0,2,120,1,1,0.92,0.9,0.09,0.0,0.08,0.07,532
1,2020,2,21,5398,4,951637566,111,127,210,0,37,129,1,0,0.59,0.46,0.56,0.0,0.13,0.05,533
2,2016,11,18,7370,0,956865266,92,127,1219,0,62,102,1,1,0.45,0.89,0.05,0.0,0.26,0.13,534
4,2021,8,13,6890,0,427486004,122,11,201,0,1,124,0,1,0.79,0.84,0.02,0.0,0.05,0.05,535
1,2016,4,20,1966,0,156658366,4,2,50,0,0,90,0,1,0.31,0.45,0.85,0.24,0.11,0.03,536
1,2021,4,14,2226,0,624515457,29,0,44,0,0,161,0,1,0.65,0.52,0.46,0.0,0.12,0.31,537
1,2017,3,30,4204,0,777765388,39,45,250,0,0,120,1,0,0.11,0.33,0.9,0.0,0.08,0.05,538
1,2021,7,28,1959,0,412795151,19,0,38,0,0,81,1,0,0.12,0.57,0.07,0.0,0.23,0.03,539
1,2019,1,1,7191,0,1138474110,146,18,478,0,7,150,0,1,0.47,0.7,0.18,0.0,0.15,0.09,540
2,2021,9,2,2012,0,355219175,101,12,38,0,0,105,1,1,0.58,0.84,0.1,0.0,0.13,0.1,541
1,2021,8,10,1211,2,290228626,30,2,5,0,6,79,1,0,0.76,0.67,0.38,0.0,0.06,0.04,542
1,2010,10,4,7109,2,1062956628,5,0,862,0,0,146,0,0,0.07,0.61,0.51,0.0,0.11,0.03,543
1,2020,4,17,6638,0,1180094974,167,19,318,0,1,124,1,0,0.08,0.37,0.79,0.0,0.09,0.05,544
1,2014,1,1,17354,8,1456081449,92,122,1282,0,55,126,1,0,0.66,0.85,0.02,0.0,0.24,0.04,545
1,2021,8,6,6392,0,432702334,174,73,344,0,0,121,1,1,0.53,0.74,0.02,0.0,0.11,0.05,546
3,2021,9,3,5481,0,489945871,144,30,86,0,0,136,0,1,0.33,0.6,0.0,0.0,0.32,0.14,547
3,2021,10,27,824,0,1223481149,8,8,8,2,0,77,1,1,0.54,0.74,0.23,0.0,0.41,0.23,548
1,2019,5,10,24529,0,2864791672,533,167,3595,6,0,98,0,1,0.54,0.59,0.69,0.0,0.18,0.1,549
1,2017,6,15,14749,0,2288695111,188,34,710,0,5,84,0,0,0.22,0.48,0.38,0.0,0.33,0.24,550
1,2013,8,1,27221,0,2086124197,308,118,4534,2,77,120,1,0,0.33,0.26,0.92,0.0,0.13,0.03,551
1,1991,9,10,49991,9,1690192927,265,121,12367,4,160,117,1,0,0.73,0.91,0.0,0.0,0.11,0.07,552
1,2019,3,7,6646,0,991336132,107,47,584,1,0,72,0,0,0.27,0.33,0.82,0.0,0.14,0.04,553
2,2021,9,3,5403,6,593917618,118,116,96,0,3,168,1,0,0.29,0.47,0.05,0.0,0.22,0.26,554
2,2021,11,11,755,4,200972675,22,3,0,0,0,94,1,0,0.68,0.69,0.13,0.0,0.33,0.08,555
1,2022,1,10,254,0,71014967,0,4,23,0,0,145,1,0,0.65,0.88,0.0,0.0,0.26,0.05,556
2,2021,8,27,6308,5,560222750,114,15,63,0,2,134,1,1,0.14,0.61,0.01,0.0,0.23,0.33,557
1,2003,9,23,51979,15,1806617704,306,99,5063,2,120,148,1,0,0.24,0.93,0.0,0.0,0.1,0.08,558
1,2022,1,10,246,0,77337771,2,12,10,0,0,127,0,0,0.4,0.89,0.09,0.0,0.6,0.06,559
3,2021,6,24,6556,0,528544703,93,5,67,1,0,172,0,1,0.79,0.66,0.11,0.0,0.08,0.16,560
1,2019,11,7,5728,0,865640097,85,87,179,0,12,90,1,1,0.19,0.46,0.21,0.04,0.34,0.08,561
2,2018,9,27,16636,12,2159346687,368,155,2854,6,121,96,1,0,0.3,0.4,0.38,0.0,0.26,0.03,562
1,2022,1,10,461,0,211372494,10,56,17,0,0,138,0,1,0.65,0.67,0.46,0.0,0.36,0.04,563
2,2021,4,28,4893,4,651732901,143,24,110,0,70,120,1,1,0.67,0.72,0.0,0.0,0.13,0.04,564
1,2021,7,9,1801,2,608334048,77,134,74,0,2,125,1,1,0.65,0.74,0.01,0.0,0.34,0.04,565
4,2021,1,15,12043,0,863756573,209,54,710,0,18,123,1,1,0.8,0.86,0.01,0.0,0.3,0.13,566
1,2021,4,9,4731,0,797402345,141,12,78,0,0,81,1,1,0.44,0.54,0.41,0.0,0.13,0.24,567
2,2002,5,26,22923,0,1695712020,78,46,2515,1,0,171,1,0,0.1,0.85,0.07,0.0,0.08,0.2,568
1,2019,9,20,9974,2,1759567999,272,67,1066,1,19,91,1,1,0.6,0.32,0.84,0.0,0.08,0.05,569
2,2022,1,7,620,0,54937991,17,3,3,0,0,115,0,1,0.74,0.54,0.16,0.0,0.13,0.28,570
2,2022,2,10,6809,28,716591492,151,102,175,5,29,94,0,1,0.9,0.7,0.09,0.0,0.14,0.08,571
2,1999,1,1,33966,0,1210599487,141,78,6591,1,0,93,1,1,0.53,0.78,0.18,0.0,0.06,0.24,572
1,2022,2,11,590,5,246376690,4,113,20,0,1,130,0,0,0.5,0.76,0.3,0.0,0.1,0.07,573
1,2022,2,11,3766,0,496311364,76,0,102,0,2,180,0,0,0.23,0.61,0.23,0.0,0.19,0.06,574
2,2022,2,11,1430,0,146789379,46,1,34,0,0,134,1,0,0.31,0.31,0.92,0.0,0.28,0.03,575
2,1999,1,1,31762,0,843309044,142,40,5451,1,953,95,0,1,0.31,0.89,0.03,0.0,0.08,0.25,576
1,2022,1,19,4049,0,500340342,119,6,85,1,1,184,1,1,0.91,0.63,0.11,0.0,0.09,0.31,577
3,2022,2,11,2096,0,107255472,34,3,30,0,0,147,0,0,0.5,0.8,0.1,0.0,0.32,0.38,578
2,2022,2,2,1175,0,135079152,34,1,31,0,0,123,1,0,0.44,0.6,0.4,0.0,0.26,0.03,579
1,2012,1,1,29499,11,822239726,124,27,587,0,4,123,0,1,0.49,0.61,0.03,0.0,0.17,0.22,580
1,2002,1,1,30427,7,1202722675,235,106,5221,1,35,90,0,1,0.79,0.71,0.26,0.0,0.07,0.37,581
1,2022,2,4,2711,0,343197054,105,12,51,0,12,160,0,0,0.65,0.64,0.01,0.0,0.12,0.04,582
1,2013,8,16,4310,0,240769997,13,0,113,1,3,115,1,0,0.37,0.71,0.08,0.0,0.48,0.04,583
2,2019,8,4,5342,0,426204830,33,123,7,0,4,141,1,0,0.17,0.67,0.02,0.0,0.34,0.09,584
1,2016,8,5,2393,0,421135627,22,13,65,0,6,160,1,0,0.3,0.88,0.07,0.0,0.08,0.08,585
1,2019,10,4,3444,7,554875730,24,85,102,0,1,145,1,0,0.23,0.66,0.04,0.06,0.15,0.04,586
1,2019,6,21,5443,0,467727006,45,1,80,0,12,89,0,0,0.43,0.43,0.23,0.08,0.08,0.22,587
3,2020,7,24,272,4,327498031,7,21,2,0,0,95,0,1,0.49,0.72,0.08,0.0,0.15,0.08,588
1,2021,12,10,975,0,185408548,11,0,10,0,0,160,1,0,0.47,0.62,0.03,0.0,0.38,0.04,589
3,1995,12,28,18773,0,579395142,128,17,1663,0,0,92,1,1,0.76,0.84,0.03,0.0,0.38,0.04,590
2,1999,1,1,19067,0,675039469,78,15,1674,0,3,134,1,1,0.61,0.74,0.09,0.0,0.17,0.08,591
2,2021,11,19,3541,2,252871192,57,13,50,1,7,172,0,0,0.04,0.86,0.01,0.0,0.28,0.17,592
1,2021,12,17,1492,0,231996128,44,63,91,0,24,80,1,1,0.92,0.62,0.06,0.0,0.08,0.13,593
1,2017,3,30,33206,1,1929770265,284,114,1481,0,5,150,0,1,0.42,0.6,0.0,0.0,0.09,0.12,594
2,1999,11,21,17115,0,918915401,83,63,4180,0,0,80,0,1,0.53,0.74,0.04,0.0,0.45,0.21,595
2,2020,1,16,6955,0,1180896317,65,45,398,0,1,166,0,1,0.83,0.75,0.14,0.0,0.29,0.34,596
1,2017,10,4,2742,0,498960285,5,1,62,0,0,120,1,0,0.08,0.54,0.27,0.0,0.08,0.04,597
1,2020,2,29,4214,11,685071800,21,20,40,0,0,92,1,1,0.89,0.79,0.17,0.0,0.11,0.06,598
1,2022,1,28,2026,0,258714692,47,3,42,12,6,85,0,1,0.61,0.52,0.3,0.0,0.26,0.09,599
2,2022,1,15,352,0,143139338,10,0,39,0,0,154,0,1,0.86,0.52,0.66,0.0,0.09,0.07,600
2,2022,2,11,847,0,64714573,25,0,14,0,0,140,1,1,0.75,0.7,0.06,0.0,0.13,0.05,601
1,2022,2,11,910,0,50746620,20,3,24,0,0,89,1,0,0.6,0.6,0.11,0.0,0.1,0.4,602
1,2021,11,19,1800,0,181328253,43,36,46,13,4,140,0,0,0.66,0.53,0.6,0.0,0.11,0.18,603
1,2015,7,24,1930,0,370068639,3,0,28,0,1,82,1,0,0.44,0.76,0.08,0.91,0.09,0.03,604
1,2014,1,1,33032,0,2280566092,363,129,3895,0,28,79,1,1,0.58,0.45,0.47,0.0,0.18,0.03,605
1,2019,10,4,6332,0,563902868,47,116,266,0,0,88,1,0,0.31,0.63,0.47,0.27,0.21,0.12,606
1,2021,12,24,509,9,317622165,8,106,6,0,8,139,1,0,0.18,0.38,0.7,0.0,0.12,0.04,607
1,2019,10,4,2578,0,203680270,8,67,66,0,0,80,0,0,0.45,0.55,0.73,0.0,0.09,0.21,608
2,2022,2,4,1064,0,81350745,42,1,26,0,0,120,0,1,0.54,0.51,0.47,0.0,0.12,0.4,609
1,2019,10,4,3618,0,282883169,21,86,138,0,2,80,0,0,0.19,0.46,0.92,0.72,0.11,0.03,610
2,2022,2,4,1040,0,64787943,8,0,29,0,0,117,1,1,0.62,0.86,0.11,0.0,0.24,0.24,611
2,2019,5,16,4708,0,461437791,13,7,55,0,1,140,0,0,0.46,0.73,0.1,0.0,0.67,0.11,612
1,2019,12,6,13454,1,1439191367,246,71,519,2,5,99,1,1,0.57,0.77,0.02,0.0,0.1,0.05,613
2,2020,2,29,4890,20,759208783,52,42,100,0,0,93,1,1,0.59,0.87,0.03,0.0,0.08,0.05,614
1,1991,9,24,9514,0,368646862,45,27,1197,0,43,106,1,0,0.08,0.2,0.74,0.42,0.11,0.03,615
2,2022,3,11,3501,0,299634472,69,2,51,11,0,124,1,1,0.68,0.63,0.17,0.0,0.1,0.22,616
2,2022,3,4,6111,4,756907987,185,40,492,9,35,95,1,1,0.96,0.7,0.18,0.0,0.33,0.04,617
1,2021,11,11,4673,2,546191065,123,113,180,1,4,92,0,1,0.4,0.73,0.15,0.0,0.09,0.08,618
1,2022,3,3,1856,3,229473310,29,40,31,1,1,124,1,1,0.36,0.37,0.35,0.0,0.1,0.28,619
1,2022,3,3,200,2,202677468,12,4,0,0,0,72,1,0,0.76,0.44,0.7,0.09,0.12,0.04,620
1,2022,2,4,1888,0,121913181,26,1,58,0,0,71,0,0,0.26,0.2,0.19,0.0,0.3,0.03,621
1,2004,5,4,2954,2,527033089,18,82,0,0,5,95,1,1,0.56,0.7,0.04,0.0,0.05,0.24,622
2,2022,3,3,461,0,94616487,7,11,13,0,0,71,0,0,0.7,0.74,0.56,0.0,0.11,0.4,623
1,2021,4,30,2844,2,394030335,29,2,35,1,0,180,0,1,0.71,0.68,0.06,0.0,0.1,0.37,624
1,2022,2,18,2939,0,193443895,42,0,24,0,0,150,0,0,0.11,0.58,0.0,0.0,0.12,0.09,625
1,2022,2,15,328,0,182978249,10,21,7,0,9,85,1,1,0.55,0.64,0.49,0.0,0.07,0.04,626
1,2022,2,18,866,16,319757142,27,84,32,7,11,140,1,0,0.73,0.45,0.44,0.0,0.34,0.03,627
2,2013,7,16,1550,0,109091573,0,0,14,0,0,81,1,1,0.68,0.7,0.06,0.0,0.17,0.2,628
2,2022,2,25,1729,0,153240879,26,1,19,0,0,104,0,1,0.24,0.65,0.02,0.0,0.09,0.04,629
1,2021,9,3,2005,0,346127840,16,5,43,0,7,129,1,0,0.33,0.44,0.62,0.0,0.08,0.06,630
1,2020,2,29,1188,0,312622938,13,1,15,0,1,94,0,1,0.81,0.8,0.2,0.0,0.25,0.04,631
1,1975,10,31,40112,3,2197010679,321,162,5691,8,17,71,0,0,0.23,0.4,0.27,0.0,0.3,0.05,632
1,2018,3,16,3659,0,1200808494,11,10,267,0,7,146,0,0,0.23,0.46,0.66,0.0,0.15,0.06,633
1,2020,3,27,9833,0,797196073,233,82,531,1,1,103,0,1,0.9,0.88,0.05,0.0,0.29,0.08,634
1,2013,1,1,50887,34,1970673297,315,160,6284,1,46,124,1,0,0.66,0.78,0.0,0.0,0.16,0.05,635
1,2021,5,21,3257,0,665765558,10,0,70,0,0,164,0,1,0.71,0.58,0.24,0.0,0.07,0.13,636
1,2020,10,8,2226,0,339473453,36,2,11,0,14,126,0,0,0.37,0.46,0.13,0.0,0.1,0.39,637
2,2017,2,22,23375,21,2204080728,336,188,2692,3,30,103,0,0,0.47,0.65,0.03,0.0,0.17,0.04,638
2,2016,5,31,28032,0,2591224264,315,159,2179,0,44,95,1,1,0.64,0.52,0.41,0.0,0.11,0.03,639
1,2022,2,22,290,0,135444283,9,66,10,0,0,200,0,0,0.28,0.77,0.04,0.0,0.06,0.29,640
2,2011,1,1,42798,0,1457139296,217,136,6508,1,0,129,1,1,0.75,0.52,0.54,0.0,0.1,0.04,641
2,2019,6,28,2605,0,236872197,15,48,50,0,3,98,0,1,0.33,0.43,0.38,0.0,0.36,0.14,642
1,2022,4,8,8737,0,694525298,163,32,137,15,12,107,1,1,0.32,0.56,0.03,0.0,0.11,0.1,643
1,2022,3,23,1105,0,240661097,32,0,19,0,0,174,1,0,0.56,0.83,0.05,0.0,0.07,0.04,644
1,2022,2,17,2499,21,421365166,68,24,43,1,0,92,1,0,0.27,0.67,0.32,0.0,0.13,0.14,645
1,2022,3,31,2092,0,255120451,75,11,44,0,14,147,1,0,0.58,0.69,0.02,0.0,0.58,0.04,646
1,2022,4,1,1185,0,190981339,21,0,31,0,0,143,1,1,0.41,0.55,0.16,0.0,0.1,0.12,647
1,2015,1,11,11985,0,924193303,79,80,250,3,10,101,0,1,0.63,0.71,0.03,0.0,0.1,0.03,648
1,2022,4,5,753,8,305771063,28,124,13,0,1,118,0,1,0.54,0.71,0.0,0.0,0.33,0.04,649
3,2022,3,18,2995,0,273005485,49,17,30,0,0,98,0,1,0.63,0.74,0.14,0.0,0.16,0.06,650
1,2022,4,6,225,0,89566512,11,0,7,0,0,138,0,1,0.22,0.46,0.24,0.0,0.09,0.06,651
1,2015,1,1,9243,0,677389855,155,5,577,0,6,114,0,0,0.3,0.62,0.01,0.0,0.08,0.04,652
2,2022,4,7,918,0,75476209,24,0,52,0,0,180,0,0,0.45,0.64,0.34,0.0,0.09,0.08,653
1,2021,9,9,1959,9,408843328,52,25,32,0,10,145,1,0,0.41,0.57,0.01,0.0,0.13,0.03,654
3,2022,3,31,859,0,178512385,14,0,11,0,0,82,1,1,0.48,0.84,0.13,0.0,0.21,0.23,655
1,2022,4,8,1116,0,101780047,31,9,15,0,1,166,1,1,0.22,0.61,0.02,0.0,0.1,0.34,656
1,2022,4,8,686,2,146363130,11,6,12,0,15,108,1,1,0.55,0.44,0.74,0.0,0.11,0.06,657
1,2022,3,25,226,0,126443991,5,0,4,0,1,84,0,1,0.63,0.45,0.45,0.0,0.11,0.03,658
1,2019,12,13,7556,0,1023187129,124,24,254,0,8,110,1,0,0.06,0.27,0.84,0.0,0.09,0.03,659
2,1996,11,24,1370,0,106933107,46,8,60,0,0,88,1,1,0.59,0.64,0.05,0.0,0.19,0.07,660
1,2022,3,30,315,2,139193812,27,2,31,0,0,119,0,1,0.28,0.5,0.12,0.0,0.1,0.1,661
1,2022,3,18,651,0,212234990,6,188,20,0,0,120,1,0,0.71,0.8,0.15,0.0,0.07,0.41,662
1,2016,9,23,12382,0,1714490998,229,57,1370,2,71,122,1,1,0.97,0.8,0.36,0.0,0.09,0.06,663
2,2022,3,18,625,0,197643795,10,2,13,0,1,98,1,1,0.83,0.75,0.41,0.0,0.27,0.08,664
1,2019,12,13,8429,1,807015863,85,24,200,0,2,140,0,0,0.25,0.84,0.21,0.0,0.13,0.06,665
3,2013,1,1,52898,0,933815613,203,1,8215,0,0,116,0,1,0.87,0.81,0.04,0.0,0.1,0.04,666
1,2021,6,25,3436,0,499710590,32,6,46,0,1,124,1,1,0.62,0.49,0.51,0.0,0.35,0.21,667
1,2022,4,5,181,0,53909146,16,14,7,0,0,118,1,1,0.24,0.58,0.44,0.0,0.06,0.03,668
1,2014,6,20,18778,3,2236667932,228,105,2453,0,84,108,1,0,0.2,0.38,0.61,0.0,0.1,0.05,669
1,2015,11,9,22730,5,2123309722,289,87,2430,0,36,100,1,0,0.53,0.38,0.84,0.0,0.28,0.44,670
1,2022,5,13,5542,0,301242089,52,16,65,0,206,140,0,1,0.39,0.66,0.38,0.0,0.12,0.14,671
1,2022,4,14,9021,0,723894473,242,49,272,21,24,109,0,1,0.72,0.74,0.1,0.0,0.34,0.07,672
3,2022,5,13,4627,0,237351106,38,13,32,0,0,101,0,1,0.4,0.74,0.36,0.0,0.17,0.27,673
1,2022,5,6,1112,6,417230415,7,30,13,1,1,93,0,1,0.22,0.55,0.31,0.0,0.12,0.05,674
1,2022,5,13,2575,0,156898322,4,5,12,0,51,87,1,0,0.32,0.83,0.24,0.0,0.17,0.43,675
2,2022,5,13,3107,0,127309180,4,0,22,0,0,153,0,0,0.5,0.78,0.19,0.0,0.11,0.35,676
1,2022,5,6,1179,0,313113297,7,21,11,0,0,142,1,1,0.93,0.59,0.28,0.0,0.17,0.05,677
1,2022,5,13,3486,0,173702135,20,10,33,0,0,96,0,1,0.41,0.43,0.39,0.0,0.12,0.21,678
2,2022,5,12,2942,0,271666301,42,28,43,0,0,125,1,0,0.39,0.78,0.04,0.0,0.11,0.33,679
1,2022,5,6,1443,0,305650299,9,11,22,1,0,85,1,1,0.43,0.65,0.23,0.0,0.09,0.05,680
2,2022,5,13,3028,0,123216717,22,0,23,0,0,140,0,1,0.78,0.57,0.46,0.0,0.14,0.09,681
2,2022,5,6,1796,8,479655659,8,25,18,1,0,196,0,0,0.58,0.79,0.23,0.0,0.22,0.2,682
1,2022,5,13,2729,0,126191104,3,7,13,0,1,134,1,1,0.51,0.43,0.69,0.0,0.14,0.09,683
2,2022,5,6,1195,0,344055883,8,30,13,1,1,103,0,1,0.45,0.62,0.76,0.0,0.1,0.38,684
1,2022,5,6,892,3,338422004,10,24,11,0,0,130,1,1,0.5,0.67,0.12,0.0,0.13,0.05,685
2,2022,5,13,1635,0,68895644,4,1,6,0,0,108,1,0,0.52,0.69,0.31,0.0,0.08,0.36,686
3,2022,5,13,2291,0,86176890,9,0,8,0,0,123,1,0,0.66,0.71,0.53,0.0,0.32,0.46,687
1,2022,5,6,1029,28,403231558,5,28,9,0,0,152,1,1,0.74,0.69,0.21,0.0,0.18,0.06,688
1,2022,5,13,1480,0,61739839,1,0,5,0,0,72,0,0,0.56,0.47,0.76,0.0,0.08,0.36,689
1,2022,5,6,829,0,283359161,4,15,10,0,0,121,0,1,0.67,0.65,0.42,0.0,0.35,0.07,690
3,2022,5,13,2308,0,76831876,7,0,7,0,0,138,0,0,0.71,0.82,0.19,0.0,0.15,0.29,691
1,2022,5,6,1004,1,283332261,8,12,9,0,0,188,0,0,0.41,0.5,0.69,0.0,0.12,0.06,692
2,2022,2,14,1367,0,307752576,48,4,34,1,0,110,1,1,0.26,0.85,0.23,0.0,0.11,0.21,693
2,2019,5,31,9539,15,1304313953,162,116,355,7,0,176,1,0,0.24,0.62,0.6,0.0,0.24,0.31,694
1,2022,5,6,1992,0,150500965,35,0,3,0,0,158,1,1,0.41,0.65,0.0,0.1,0.11,0.08,695
1,2022,5,6,897,0,246127838,6,20,8,0,0,115,0,1,0.72,0.58,0.09,0.0,0.49,0.12,696
1,2016,1,15,2948,0,582863434,10,2,150,0,0,110,0,0,0.48,0.82,0.0,0.0,0.05,0.03,697
2,2022,5,13,1860,0,58687425,1,0,3,0,0,174,1,1,0.26,0.54,0.3,0.0,0.34,0.32,698
2,2022,4,29,802,0,212109195,16,81,23,0,0,130,1,1,0.91,0.96,0.03,0.0,0.03,0.09,699
1,2022,4,29,2224,8,382199619,48,40,87,1,210,78,1,0,0.3,0.54,0.34,0.0,0.14,0.05,700
1,2022,5,13,1103,0,41210087,0,0,0,0,0,104,1,0,0.74,0.42,0.88,0.0,0.09,0.09,701
1,2022,3,10,555,0,53729194,10,4,4,0,0,105,1,1,0.32,0.82,0.14,0.0,0.12,0.04,702
1,2022,4,22,2050,0,244741137,52,9,46,0,1,81,1,0,0.2,0.66,0.09,0.0,0.09,0.08,703
1,2022,5,13,1493,0,42485571,2,0,10,0,0,170,0,0,0.14,0.24,0.8,0.0,0.11,0.04,704
1,2022,5,13,1545,0,37778188,1,0,4,0,0,78,1,0,0.6,0.38,0.76,0.01,0.48,0.38,705
1,2022,4,29,2350,0,254218729,28,42,23,0,0,125,1,1,0.28,0.66,0.06,0.0,0.13,0.31,706
1,2022,5,13,1929,0,53603447,2,0,4,0,0,92,0,0,0.29,0.65,0.23,0.0,0.08,0.07,707
1,2022,4,22,710,4,160035717,16,11,18,0,0,140,0,1,0.61,0.42,0.31,0.0,0.09,0.09,708
2,2022,4,25,928,0,164163229,19,0,7,0,0,96,1,0,0.32,0.9,0.25,0.0,0.1,0.09,709
1,2022,5,13,1194,0,37091576,0,0,3,0,0,118,0,0,0.83,0.43,0.84,0.0,0.19,0.19,710
2,2022,2,6,349,6,284249832,10,22,3,0,0,92,0,1,0.67,0.6,0.07,0.0,0.06,0.04,711
2,2022,5,13,1890,0,33381454,3,0,2,0,0,140,0,0,0.5,0.37,0.87,0.0,0.11,0.35,712
2,2022,1,26,4531,0,300983101,135,74,119,1,18,127,1,1,0.53,0.78,0.19,0.0,0.29,0.04,713
2,2022,5,6,1657,0,121077868,15,3,3,0,0,96,1,1,0.37,0.52,0.62,0.0,0.11,0.36,714
2,2022,4,29,1351,0,106919680,26,1,17,0,0,150,0,1,0.82,0.66,0.13,0.0,0.11,0.06,715
1,2022,4,13,608,0,136996305,5,29,14,0,0,100,1,1,0.46,0.6,0.01,0.0,0.13,0.16,716
1,2021,12,24,1211,0,65719930,31,0,19,0,2,105,0,1,0.59,0.81,0.13,0.0,0.09,0.06,717
1,2022,5,2,629,0,229497852,18,75,9,0,0,104,1,1,0.43,0.62,0.05,0.0,0.13,0.14,718
1,2022,3,23,1301,0,185550869,23,1,15,0,0,154,1,0,0.45,0.79,0.01,0.0,0.17,0.05,719
1,2022,2,22,1329,0,54682594,42,51,32,0,0,80,1,0,0.33,0.83,0.18,0.0,0.1,0.05,720
2,2022,4,24,343,2,240580042,4,35,11,1,1,150,1,0,0.14,0.43,0.64,0.0,0.13,0.03,721
1,1998,3,31,13101,9,1284942608,137,5,582,0,0,156,0,0,0.49,0.72,0.0,0.0,0.09,0.04,722
1,2022,5,8,2939,0,71423324,29,0,30,0,0,98,0,1,0.79,0.81,0.18,0.0,0.06,0.34,723
1,2019,11,7,407,1,244891912,5,0,5,0,0,92,1,0,0.27,0.36,0.86,0.0,0.09,0.03,724
1,2017,10,20,2264,0,184706613,11,6,25,0,1,150,1,0,0.27,0.56,0.08,0.0,0.13,0.03,725
1,2021,8,9,801,0,184826429,42,9,24,1,1,138,1,1,0.31,0.44,0.84,0.0,0.09,0.39,726
1,2022,6,10,829,0,302006641,32,110,26,0,0,172,1,0,0.68,0.89,0.04,0.0,0.33,0.19,727
1,2022,6,10,736,0,330881149,5,132,17,0,3,77,1,1,0.7,0.82,0.02,0.0,0.04,0.17,728
1,2022,5,20,4449,1,334733572,80,11,66,0,1,107,1,1,0.36,0.72,0.26,0.06,0.11,0.04,729
1,2022,5,20,3218,3,366214458,29,10,79,0,0,114,1,0,0.39,0.29,0.9,0.0,0.1,0.04,730
1,2022,6,10,327,0,114546317,5,40,12,0,0,117,1,0,0.29,0.51,0.43,0.0,0.25,0.04,731
1,2022,5,20,2775,0,290833204,21,11,40,0,0,146,1,1,0.63,0.45,0.48,0.0,0.18,0.04,732
1,2022,5,6,4576,0,448500832,79,13,93,0,17,160,0,1,0.74,0.6,0.08,0.0,0.14,0.26,733
4,2022,6,10,2313,0,136676504,34,0,29,0,0,120,1,1,0.15,0.56,0.01,0.0,0.08,0.06,734
3,2022,5,27,3983,0,190625045,73,45,119,0,0,100,0,1,0.76,0.7,0.16,0.0,0.08,0.05,735
1,2022,6,10,279,0,79095270,0,18,6,0,0,158,0,0,0.68,0.84,0.04,0.0,0.24,0.11,736
1,2022,5,20,2302,0,273194684,20,3,39,0,0,142,1,0,0.4,0.54,0.72,0.0,0.1,0.04,737
2,2022,5,27,2129,0,194902696,23,1,44,1,0,84,0,1,0.39,0.86,0.02,0.0,0.51,0.25,738
1,2022,5,20,3291,5,311482393,43,28,79,0,208,139,1,0,0.3,0.46,0.14,0.0,0.09,0.03,739
1,1982,1,1,5328,0,195918494,54,76,900,0,0,151,1,1,0.88,0.67,0.2,0.0,0.32,0.05,740
2,2022,6,8,1401,0,248511839,26,16,17,0,1,128,0,1,0.42,0.75,0.06,0.0,0.63,0.06,741
1,2022,5,20,1933,0,233671263,13,2,31,0,0,118,1,0,0.2,0.54,0.67,0.0,0.06,0.05,742
1,2022,5,20,1986,0,199587884,7,1,15,0,0,183,1,0,0.88,0.72,0.36,0.14,0.2,0.03,743
1,2022,6,9,1057,0,91781263,51,14,19,0,0,83,0,0,0.29,0.62,0.04,0.0,0.18,0.04,744
2,2022,2,18,5115,13,383835984,109,38,301,1,33,122,1,1,0.42,0.8,0.06,0.0,0.17,0.14,745
1,2022,5,20,2094,1,236060709,8,1,18,0,0,165,1,1,0.9,0.48,0.32,0.0,0.18,0.23,746
1,2022,5,20,2171,0,189236868,18,1,28,0,0,106,0,1,0.9,0.64,0.35,0.05,0.09,0.04,747
2,2022,5,25,896,0,160845341,19,0,15,0,0,77,1,1,0.68,0.58,0.83,0.0,0.11,0.34,748
1,2014,1,1,5148,0,588955257,90,22,365,0,114,91,1,0,0.3,0.89,0.1,0.0,0.33,0.08,749
1,2022,5,3,2528,0,238350348,63,8,270,2,105,148,1,0,0.21,0.63,0.05,0.0,0.41,0.03,750
1,2022,5,20,1900,1,187703102,15,1,23,0,0,114,0,1,0.9,0.81,0.31,0.02,0.13,0.03,751
2,2022,6,10,3879,2,295307001,107,76,86,1,9,120,0,1,0.63,0.77,0.12,0.01,0.1,0.05,752
2,2022,6,2,896,0,138334433,0,0,2,0,0,92,1,1,0.56,0.82,0.1,0.0,0.09,0.05,753
1,2016,11,10,8775,0,445590495,33,60,107,1,0,118,1,0,0.25,0.45,0.01,0.03,0.07,0.03,754
3,2022,3,18,5290,0,286739476,139,73,142,0,5,123,0,0,0.46,0.71,0.03,0.0,0.16,0.04,755
1,2018,9,12,10211,0,1122364376,38,79,65,0,1,89,1,0,0.28,0.48,0.54,0.01,0.19,0.03,756
1,2022,6,2,584,8,157136970,12,1,8,0,1,110,0,1,0.61,0.93,0.49,0.0,0.12,0.11,757
1,2022,5,20,1517,0,137070925,26,2,30,0,0,118,1,0,0.32,0.2,0.94,0.0,0.11,0.04,758
1,2021,5,15,246,4,183273246,4,106,0,0,7,90,0,1,0.54,0.76,0.21,0.0,0.11,0.2,759
1,2022,5,13,220,4,184807630,16,5,0,0,6,130,1,0,0.14,0.4,0.82,0.0,0.11,0.03,760
1,2022,5,13,514,0,164856284,5,36,1,0,0,154,0,1,0.97,0.62,0.47,0.0,0.1,0.04,761
1,1986,3,3,6080,0,704171068,112,198,406,1,0,105,0,0,0.59,0.83,0.0,0.44,0.2,0.04,762
5,2022,6,16,2341,0,279717388,37,2,38,2,0,110,1,1,0.59,0.82,0.08,0.0,0.06,0.08,763
1,2022,6,17,5263,0,195628667,66,89,61,0,11,125,0,0,0.05,0.68,0.12,0.02,0.15,0.06,764
1,2022,6,10,2402,0,221752937,45,2,26,0,1,102,1,1,0.62,0.75,0.0,0.0,0.34,0.08,765
1,2022,2,6,795,11,263280370,26,18,15,1,4,120,0,1,0.72,0.65,0.04,0.0,0.14,0.04,766
1,2022,6,24,571,0,213505179,19,21,14,0,2,97,1,1,0.36,0.86,0.04,0.0,0.03,0.05,767
1,2022,7,1,565,0,155795783,6,52,11,0,0,97,1,1,0.31,0.72,0.01,0.0,0.11,0.04,768
1,1987,1,1,41231,1,1553497987,228,151,6720,3,99,125,1,0,0.67,0.9,0.09,0.11,0.1,0.05,769
1,2022,5,12,4526,12,293466523,156,275,150,3,128,88,0,1,0.55,0.56,0.13,0.0,0.08,0.09,770
1,2022,3,19,1818,0,711366595,3,0,63,0,353,170,1,0,0.52,0.64,0.11,0.0,0.45,0.07,771
1,2022,6,17,2814,0,191448892,38,105,25,0,2,137,0,1,0.08,0.49,0.09,0.0,0.09,0.14,772
3,2022,7,1,1601,0,85924992,11,0,2,0,0,157,1,1,0.52,0.69,0.0,0.0,0.08,0.23,773
3,2022,6,3,894,4,176103902,28,0,54,0,0,130,1,1,0.83,0.57,0.54,0.0,0.1,0.25,774
3,2022,7,6,945,0,121189256,49,3,57,0,0,90,1,1,0.8,0.83,0.1,0.0,0.08,0.11,775
1,2022,6,24,767,0,131746175,25,0,22,0,0,183,0,0,0.44,0.67,0.07,0.0,0.12,0.13,776
1,2022,5,2,5898,5,244790012,129,55,128,0,101,128,1,0,0.68,0.91,0.02,0.0,0.27,0.11,777
3,2022,6,10,685,2,129314708,17,0,24,0,30,130,0,1,0.78,0.4,0.46,0.0,0.07,0.45,778
3,2022,8,5,1456,0,219196651,53,2,33,0,0,120,1,1,0.94,0.87,0.02,0.0,0.23,0.12,779
3,2022,8,5,2107,0,170732845,51,1,50,0,0,130,0,1,0.18,0.46,0.07,0.0,0.28,0.08,780
1,2020,12,18,1494,2,273914335,17,12,15,0,0,122,1,1,0.46,0.76,0.3,0.0,0.09,0.45,781
1,2022,7,20,625,4,185236961,13,18,12,0,0,103,1,0,0.38,0.62,0.14,0.0,0.23,0.4,782
1,2019,9,13,2668,2,387080183,38,266,78,0,141,130,1,0,0.56,0.9,0.0,0.0,0.1,0.04,783
1,2022,8,1,799,12,264717480,14,141,9,0,1,105,0,1,0.7,0.65,0.24,0.0,0.08,0.04,784
1,2022,3,11,1189,6,244928911,17,10,16,0,4,120,1,1,0.73,0.51,0.39,0.0,0.09,0.06,785
1,2022,7,12,367,0,97610446,28,67,195,0,0,145,1,0,0.43,0.53,0.24,0.0,0.12,0.04,786
2,2022,7,22,527,4,287278853,10,43,3,1,0,99,0,1,0.64,0.59,0.28,0.0,0.11,0.14,787
1,2008,1,1,17504,34,887906111,63,39,1315,0,2,88,0,1,0.66,0.65,0.05,0.0,0.25,0.14,788
4,2022,7,15,3113,0,123473120,54,6,124,1,0,126,1,1,0.9,0.73,0.28,0.0,0.29,0.04,789
2,2022,8,15,685,5,295152154,15,79,4,2,0,136,1,1,0.71,0.75,0.33,0.01,0.13,0.04,790
2,2022,2,18,782,9,323455692,15,33,6,1,0,113,1,1,0.97,0.59,0.55,0.0,0.27,0.12,791
3,2022,6,16,2442,0,240918092,81,4,248,1,6,132,1,1,0.49,0.88,0.2,0.0,0.21,0.03,792
3,2022,5,20,1112,4,191873381,22,2,65,1,3,135,1,1,0.74,0.74,0.47,0.0,0.34,0.08,793
2,2017,11,10,4967,0,284216603,165,10,177,4,73,126,1,0,0.49,0.77,0.11,0.0,0.19,0.11,794
1,2022,9,9,2520,4,239411309,93,95,84,9,202,102,0,0,0.72,0.74,0.3,0.0,0.36,0.04,795
1,2022,8,22,767,12,265548837,20,129,11,0,12,125,1,1,0.8,0.92,0.1,0.0,0.09,0.12,796
1,2013,1,1,19806,7,703301727,33,11,274,0,0,149,1,0,0.28,0.66,0.14,0.0,0.09,0.05,797
2,2022,6,15,5153,6,244585109,102,53,113,12,0,137,1,1,0.71,0.89,0.24,0.61,0.15,0.05,798
1,2022,8,26,615,0,189476119,14,77,15,1,2,120,0,1,0.78,0.91,0.14,0.0,0.33,0.12,799
1,2022,1,20,2537,0,277132266,49,1,67,11,1,100,1,1,0.75,0.5,0.11,0.0,0.09,0.26,800
1,2022,6,3,1647,30,278920007,20,49,23,2,2,164,0,1,0.58,0.57,0.25,0.0,0.15,0.07,801
1,2022,6,10,2019,8,222410722,117,72,107,1,7,93,0,0,0.79,0.66,0.31,0.0,0.22,0.07,802
1,2022,9,13,1473,12,185392587,25,36,25,1,0,180,0,0,0.52,0.8,0.05,0.0,0.06,0.25,803
1,2022,7,15,1613,0,202452860,21,15,13,0,0,79,1,0,0.22,0.31,0.43,0.63,0.1,0.07,804
1,2002,8,5,30992,6,1608164312,124,25,7827,1,0,146,1,0,0.21,0.44,0.73,0.0,0.11,0.02,805
1,2000,7,10,10826,4,624101957,24,0,805,0,0,103,1,0,0.17,0.27,0.75,0.05,0.1,0.03,806
1,2022,9,2,920,0,148461629,10,1,8,0,0,140,0,1,0.26,0.76,0.08,0.0,0.54,0.23,807
1,2016,6,23,2468,0,380319238,15,0,0,0,0,102,0,0,0.04,0.6,0.11,0.0,0.19,0.04,808
1,2022,9,13,330,0,53987404,3,0,2,0,0,93,1,1,0.75,0.62,0.06,0.0,0.15,0.06,809
1,2022,6,23,1584,0,115331792,38,0,24,0,0,150,0,1,0.26,0.56,0.14,0.83,0.11,0.05,810
2,2022,10,14,766,0,84697729,16,0,9,0,0,83,0,0,0.24,0.53,0.06,0.0,0.51,0.04,811
4,2022,8,18,836,0,159240673,14,1,13,0,0,102,1,1,0.43,0.75,0.05,0.0,0.06,0.08,812
1,2022,10,17,430,6,170709584,14,116,9,0,11,136,0,1,0.65,0.91,0.04,0.0,0.48,0.18,813
1,1982,5,16,2020,0,154356956,77,10,119,0,40,145,1,0,0.24,0.58,0.17,0.0,0.19,0.05,814
1,2018,11,21,6858,0,723043854,31,21,15,0,4,130,1,0,0.24,0.37,0.11,0.18,0.16,0.03,815
1,2022,7,14,3682,6,247689123,41,0,158,2,68,156,1,1,0.92,0.77,0.09,0.0,0.08,0.11,816
1,2022,9,29,1639,0,176474912,86,14,80,0,37,123,1,0,0.5,0.85,0.05,0.0,0.16,0.04,817
1,2022,9,16,452,10,235549288,2,129,13,0,1,132,1,1,0.53,0.62,0.07,0.0,0.63,0.1,818
2,2020,12,18,668,1,140430339,0,0,31,0,0,125,0,0,0.13,0.74,0.0,0.0,0.09,0.04,819
1,2022,10,14,991,0,85559365,36,38,13,0,3,162,0,1,0.22,0.67,0.0,0.0,0.11,0.46,820
3,2022,7,1,648,4,187701588,0,0,30,0,0,161,0,0,0.62,0.6,0.12,0.0,0.05,0.44,821
2,2022,11,4,1545,0,154863153,22,7,15,0,0,131,0,1,0.23,0.55,0.01,0.0,0.07,0.32,822
3,2022,11,4,1930,0,191333656,24,8,17,0,1,122,0,1,0.45,0.63,0.06,0.0,0.35,0.12,823
1,2022,10,21,1948,0,253650850,12,9,16,0,0,80,0,1,0.16,0.28,0.17,0.0,0.12,0.39,824
1,2022,10,21,1608,0,223064273,10,3,12,0,0,109,1,1,0.11,0.5,0.2,0.0,0.3,0.17,825
2,2022,11,4,1338,0,170413877,9,20,7,0,0,158,1,1,0.33,0.36,0.02,0.0,0.39,0.59,826
1,2022,10,21,1936,0,218320587,7,5,13,0,0,126,1,0,0.12,0.35,0.55,0.0,0.09,0.14,827
2,2022,11,4,1794,0,141720999,26,9,17,0,3,104,1,1,0.25,0.61,0.01,0.0,0.32,0.07,828
1,2022,10,21,1597,0,187339835,6,3,15,0,0,110,1,0,0.15,0.31,0.8,0.22,0.12,0.04,829
2,2022,11,4,1652,2,198365537,26,52,10,0,95,130,1,1,0.2,0.7,0.01,0.0,0.16,0.05,830
1,2022,10,21,1747,0,186104310,9,6,13,0,2,177,1,0,0.39,0.16,0.97,0.0,0.12,0.05,831
1,2022,10,21,1715,0,177503916,4,5,8,0,0,158,1,0,0.55,0.84,0.43,0.0,0.15,0.12,832
2,2022,11,4,486,0,71095708,8,1,7,0,0,114,0,0,0.25,0.44,0.51,0.33,0.14,0.03,833
2,2022,11,4,1007,0,112436403,6,5,3,0,0,144,1,1,0.62,0.61,0.0,0.0,0.12,0.2,834
1,2022,10,28,481,9,203436468,10,100,15,1,27,125,1,0,0.22,0.76,0.0,0.0,0.14,0.03,835
1,2022,11,4,1045,0,93367537,8,5,2,0,0,142,0,1,0.4,0.43,0.04,0.0,0.39,0.32,836
2,2022,11,4,1060,0,106249219,3,8,5,0,0,120,1,0,0.11,0.53,0.01,0.0,0.25,0.27,837
1,2022,10,21,1274,0,181382590,1,6,11,0,0,96,1,0,0.55,0.74,0.22,0.0,0.08,0.04,838
1,2022,11,3,953,0,91473363,61,13,37,1,0,144,1,0,0.24,0.39,0.57,0.0,0.08,0.03,839
1,2022,10,21,1180,0,121871870,4,0,8,0,0,166,1,0,0.07,0.24,0.83,0.01,0.12,0.06,840
2,2022,11,3,573,0,73513683,2,0,7,0,0,92,1,1,0.81,0.67,0.04,0.0,0.08,0.06,841
3,2022,10,20,1320,0,133895612,29,26,17,0,0,97,1,1,0.67,0.77,0.08,0.0,0.12,0.05,842
1,2022,11,4,782,2,96007391,27,18,32,1,0,90,0,0,0.32,0.67,0.15,0.0,0.11,0.05,843
